video_id,title,channelTitle,category,tags,view_count,like_count,comment_count,publishedAt,trending_date,region,publish_day,publish_hour,title_sentiment,tags_sentiment
vid_1,Sample Video Title 1,Channel 1,Entertainment,"tag1, tag2",105250,5030,1010,2023-01-01 00:00:00,2023-01-02 00:00:00,US,Sunday,0,0.0,0.0
vid_2,Sample Video Title 2,Channel 2,Music,"tag2, tag3",110500,5060,1020,2023-01-01 01:00:00,2023-01-02 01:00:00,IN,Sunday,1,0.0,0.0
vid_3,Sample Video Title 3,Channel 3,News,"tag3, tag4",115750,5090,1030,2023-01-01 02:00:00,2023-01-02 02:00:00,GB,Sunday,2,0.0,0.0
vid_4,Sample Video Title 4,Channel 4,Gaming,"tag4, tag5",121000,5120,1040,2023-01-01 03:00:00,2023-01-02 03:00:00,CA,Sunday,3,0.0,0.0
vid_5,Sample Video Title 5,Channel 5,Education,"tag5, tag6",101250,5150,1050,2023-01-01 04:00:00,2023-01-02 04:00:00,AU,Sunday,4,0.0,0.0
vid_6,Sample Video Title 6,Channel 6,Entertainment,"tag6, tag7",106500,5180,1060,2023-01-01 05:00:00,2023-01-02 05:00:00,US,Sunday,5,0.0,0.0
vid_7,Sample Video Title 7,Channel 7,Music,"tag7, tag8",111750,5210,1070,2023-01-01 06:00:00,2023-01-02 06:00:00,IN,Sunday,6,0.0,0.0
vid_8,Sample Video Title 8,Channel 8,News,"tag8, tag9",117000,5240,1080,2023-01-01 07:00:00,2023-01-02 07:00:00,GB,Sunday,7,0.0,0.0
vid_9,Sample Video Title 9,Channel 9,Gaming,"tag9, tag10",122250,5270,1090,2023-01-01 08:00:00,2023-01-02 08:00:00,CA,Sunday,8,0.0,0.0
vid_10,Sample Video Title 10,Channel 0,Education,"tag10, tag11",102500,5300,1100,2023-01-01 09:00:00,2023-01-02 09:00:00,AU,Sunday,9,0.0,0.0
vid_11,Sample Video Title 11,Channel 1,Entertainment,"tag11, tag12",107750,5330,1110,2023-01-01 10:00:00,2023-01-02 10:00:00,US,Sunday,10,0.0,0.0
vid_12,Sample Video Title 12,Channel 2,Music,"tag12, tag13",113000,5360,1120,2023-01-01 11:00:00,2023-01-02 11:00:00,IN,Sunday,11,0.0,0.0
vid_13,Sample Video Title 13,Channel 3,News,"tag13, tag14",118250,5390,1130,2023-01-01 12:00:00,2023-01-02 12:00:00,GB,Sunday,12,0.0,0.0
vid_14,Sample Video Title 14,Channel 4,Gaming,"tag14, tag15",123500,5420,1140,2023-01-01 13:00:00,2023-01-02 13:00:00,CA,Sunday,13,0.0,0.0
vid_15,Sample Video Title 15,Channel 5,Education,"tag15, tag16",103750,5450,1150,2023-01-01 14:00:00,2023-01-02 14:00:00,AU,Sunday,14,0.0,0.0
vid_16,Sample Video Title 16,Channel 6,Entertainment,"tag16, tag17",109000,5480,1160,2023-01-01 15:00:00,2023-01-02 15:00:00,US,Sunday,15,0.0,0.0
vid_17,Sample Video Title 17,Channel 7,Music,"tag17, tag18",114250,5510,1170,2023-01-01 16:00:00,2023-01-02 16:00:00,IN,Sunday,16,0.0,0.0
vid_18,Sample Video Title 18,Channel 8,News,"tag18, tag19",119500,5540,1180,2023-01-01 17:00:00,2023-01-02 17:00:00,GB,Sunday,17,0.0,0.0
vid_19,Sample Video Title 19,Channel 9,Gaming,"tag19, tag20",124750,5570,1190,2023-01-01 18:00:00,2023-01-02 18:00:00,CA,Sunday,18,0.0,0.0
vid_20,Sample Video Title 20,Channel 0,Education,"tag20, tag21",105000,5600,1200,2023-01-01 19:00:00,2023-01-02 19:00:00,AU,Sunday,19,0.0,0.0
vid_21,Sample Video Title 21,Channel 1,Entertainment,"tag21, tag22",110250,5630,1210,2023-01-01 20:00:00,2023-01-02 20:00:00,US,Sunday,20,0.0,0.0
vid_22,Sample Video Title 22,Channel 2,Music,"tag22, tag23",115500,5660,1220,2023-01-01 21:00:00,2023-01-02 21:00:00,IN,Sunday,21,0.0,0.0
vid_23,Sample Video Title 23,Channel 3,News,"tag23, tag24",120750,5690,1230,2023-01-01 22:00:00,2023-01-02 22:00:00,GB,Sunday,22,0.0,0.0
vid_24,Sample Video Title 24,Channel 4,Gaming,"tag24, tag25",126000,5720,1240,2023-01-01 23:00:00,2023-01-02 23:00:00,CA,Sunday,23,0.0,0.0
vid_25,Sample Video Title 25,Channel 5,Education,"tag25, tag26",106250,5750,1250,2023-01-02 00:00:00,2023-01-03 00:00:00,AU,Monday,0,0.0,0.0
vid_26,Sample Video Title 26,Channel 6,Entertainment,"tag26, tag27",111500,5780,1260,2023-01-02 01:00:00,2023-01-03 01:00:00,US,Monday,1,0.0,0.0
vid_27,Sample Video Title 27,Channel 7,Music,"tag27, tag28",116750,5810,1270,2023-01-02 02:00:00,2023-01-03 02:00:00,IN,Monday,2,0.0,0.0
vid_28,Sample Video Title 28,Channel 8,News,"tag28, tag29",122000,5840,1280,2023-01-02 03:00:00,2023-01-03 03:00:00,GB,Monday,3,0.0,0.0
vid_29,Sample Video Title 29,Channel 9,Gaming,"tag29, tag30",127250,5870,1290,2023-01-02 04:00:00,2023-01-03 04:00:00,CA,Monday,4,0.0,0.0
vid_30,Sample Video Title 30,Channel 0,Education,"tag30, tag31",107500,5900,1300,2023-01-02 05:00:00,2023-01-03 05:00:00,AU,Monday,5,0.0,0.0
vid_31,Sample Video Title 31,Channel 1,Entertainment,"tag31, tag32",112750,5930,1310,2023-01-02 06:00:00,2023-01-03 06:00:00,US,Monday,6,0.0,0.0
vid_32,Sample Video Title 32,Channel 2,Music,"tag32, tag33",118000,5960,1320,2023-01-02 07:00:00,2023-01-03 07:00:00,IN,Monday,7,0.0,0.0
vid_33,Sample Video Title 33,Channel 3,News,"tag33, tag34",123250,5990,1330,2023-01-02 08:00:00,2023-01-03 08:00:00,GB,Monday,8,0.0,0.0
vid_34,Sample Video Title 34,Channel 4,Gaming,"tag34, tag35",128500,6020,1340,2023-01-02 09:00:00,2023-01-03 09:00:00,CA,Monday,9,0.0,0.0
vid_35,Sample Video Title 35,Channel 5,Education,"tag35, tag36",108750,6050,1350,2023-01-02 10:00:00,2023-01-03 10:00:00,AU,Monday,10,0.0,0.0
vid_36,Sample Video Title 36,Channel 6,Entertainment,"tag36, tag37",114000,6080,1360,2023-01-02 11:00:00,2023-01-03 11:00:00,US,Monday,11,0.0,0.0
vid_37,Sample Video Title 37,Channel 7,Music,"tag37, tag38",119250,6110,1370,2023-01-02 12:00:00,2023-01-03 12:00:00,IN,Monday,12,0.0,0.0
vid_38,Sample Video Title 38,Channel 8,News,"tag38, tag39",124500,6140,1380,2023-01-02 13:00:00,2023-01-03 13:00:00,GB,Monday,13,0.0,0.0
vid_39,Sample Video Title 39,Channel 9,Gaming,"tag39, tag40",129750,6170,1390,2023-01-02 14:00:00,2023-01-03 14:00:00,CA,Monday,14,0.0,0.0
vid_40,Sample Video Title 40,Channel 0,Education,"tag40, tag41",110000,6200,1400,2023-01-02 15:00:00,2023-01-03 15:00:00,AU,Monday,15,0.0,0.0
vid_41,Sample Video Title 41,Channel 1,Entertainment,"tag41, tag42",115250,6230,1410,2023-01-02 16:00:00,2023-01-03 16:00:00,US,Monday,16,0.0,0.0
vid_42,Sample Video Title 42,Channel 2,Music,"tag42, tag43",120500,6260,1420,2023-01-02 17:00:00,2023-01-03 17:00:00,IN,Monday,17,0.0,0.0
vid_43,Sample Video Title 43,Channel 3,News,"tag43, tag44",125750,6290,1430,2023-01-02 18:00:00,2023-01-03 18:00:00,GB,Monday,18,0.0,0.0
vid_44,Sample Video Title 44,Channel 4,Gaming,"tag44, tag45",131000,6320,1440,2023-01-02 19:00:00,2023-01-03 19:00:00,CA,Monday,19,0.0,0.0
vid_45,Sample Video Title 45,Channel 5,Education,"tag45, tag46",111250,6350,1450,2023-01-02 20:00:00,2023-01-03 20:00:00,AU,Monday,20,0.0,0.0
vid_46,Sample Video Title 46,Channel 6,Entertainment,"tag46, tag47",116500,6380,1460,2023-01-02 21:00:00,2023-01-03 21:00:00,US,Monday,21,0.0,0.0
vid_47,Sample Video Title 47,Channel 7,Music,"tag47, tag48",121750,6410,1470,2023-01-02 22:00:00,2023-01-03 22:00:00,IN,Monday,22,0.0,0.0
vid_48,Sample Video Title 48,Channel 8,News,"tag48, tag49",127000,6440,1480,2023-01-02 23:00:00,2023-01-03 23:00:00,GB,Monday,23,0.0,0.0
vid_49,Sample Video Title 49,Channel 9,Gaming,"tag49, tag50",132250,6470,1490,2023-01-03 00:00:00,2023-01-04 00:00:00,CA,Tuesday,0,0.0,0.0
vid_50,Sample Video Title 50,Channel 0,Education,"tag50, tag51",112500,6500,1500,2023-01-03 01:00:00,2023-01-04 01:00:00,AU,Tuesday,1,0.0,0.0
vid_51,Sample Video Title 51,Channel 1,Entertainment,"tag51, tag52",117750,6530,1510,2023-01-03 02:00:00,2023-01-04 02:00:00,US,Tuesday,2,0.0,0.0
vid_52,Sample Video Title 52,Channel 2,Music,"tag52, tag53",123000,6560,1520,2023-01-03 03:00:00,2023-01-04 03:00:00,IN,Tuesday,3,0.0,0.0
vid_53,Sample Video Title 53,Channel 3,News,"tag53, tag54",128250,6590,1530,2023-01-03 04:00:00,2023-01-04 04:00:00,GB,Tuesday,4,0.0,0.0
vid_54,Sample Video Title 54,Channel 4,Gaming,"tag54, tag55",133500,6620,1540,2023-01-03 05:00:00,2023-01-04 05:00:00,CA,Tuesday,5,0.0,0.0
vid_55,Sample Video Title 55,Channel 5,Education,"tag55, tag56",113750,6650,1550,2023-01-03 06:00:00,2023-01-04 06:00:00,AU,Tuesday,6,0.0,0.0
vid_56,Sample Video Title 56,Channel 6,Entertainment,"tag56, tag57",119000,6680,1560,2023-01-03 07:00:00,2023-01-04 07:00:00,US,Tuesday,7,0.0,0.0
vid_57,Sample Video Title 57,Channel 7,Music,"tag57, tag58",124250,6710,1570,2023-01-03 08:00:00,2023-01-04 08:00:00,IN,Tuesday,8,0.0,0.0
vid_58,Sample Video Title 58,Channel 8,News,"tag58, tag59",129500,6740,1580,2023-01-03 09:00:00,2023-01-04 09:00:00,GB,Tuesday,9,0.0,0.0
vid_59,Sample Video Title 59,Channel 9,Gaming,"tag59, tag60",134750,6770,1590,2023-01-03 10:00:00,2023-01-04 10:00:00,CA,Tuesday,10,0.0,0.0
vid_60,Sample Video Title 60,Channel 0,Education,"tag60, tag61",115000,6800,1600,2023-01-03 11:00:00,2023-01-04 11:00:00,AU,Tuesday,11,0.0,0.0
vid_61,Sample Video Title 61,Channel 1,Entertainment,"tag61, tag62",120250,6830,1610,2023-01-03 12:00:00,2023-01-04 12:00:00,US,Tuesday,12,0.0,0.0
vid_62,Sample Video Title 62,Channel 2,Music,"tag62, tag63",125500,6860,1620,2023-01-03 13:00:00,2023-01-04 13:00:00,IN,Tuesday,13,0.0,0.0
vid_63,Sample Video Title 63,Channel 3,News,"tag63, tag64",130750,6890,1630,2023-01-03 14:00:00,2023-01-04 14:00:00,GB,Tuesday,14,0.0,0.0
vid_64,Sample Video Title 64,Channel 4,Gaming,"tag64, tag65",136000,6920,1640,2023-01-03 15:00:00,2023-01-04 15:00:00,CA,Tuesday,15,0.0,0.0
vid_65,Sample Video Title 65,Channel 5,Education,"tag65, tag66",116250,6950,1650,2023-01-03 16:00:00,2023-01-04 16:00:00,AU,Tuesday,16,0.0,0.0
vid_66,Sample Video Title 66,Channel 6,Entertainment,"tag66, tag67",121500,6980,1660,2023-01-03 17:00:00,2023-01-04 17:00:00,US,Tuesday,17,0.0,0.0
vid_67,Sample Video Title 67,Channel 7,Music,"tag67, tag68",126750,7010,1670,2023-01-03 18:00:00,2023-01-04 18:00:00,IN,Tuesday,18,0.0,0.0
vid_68,Sample Video Title 68,Channel 8,News,"tag68, tag69",132000,7040,1680,2023-01-03 19:00:00,2023-01-04 19:00:00,GB,Tuesday,19,0.0,0.0
vid_69,Sample Video Title 69,Channel 9,Gaming,"tag69, tag70",137250,7070,1690,2023-01-03 20:00:00,2023-01-04 20:00:00,CA,Tuesday,20,0.0,0.0
vid_70,Sample Video Title 70,Channel 0,Education,"tag70, tag71",117500,7100,1700,2023-01-03 21:00:00,2023-01-04 21:00:00,AU,Tuesday,21,0.0,0.0
vid_71,Sample Video Title 71,Channel 1,Entertainment,"tag71, tag72",122750,7130,1710,2023-01-03 22:00:00,2023-01-04 22:00:00,US,Tuesday,22,0.0,0.0
vid_72,Sample Video Title 72,Channel 2,Music,"tag72, tag73",128000,7160,1720,2023-01-03 23:00:00,2023-01-04 23:00:00,IN,Tuesday,23,0.0,0.0
vid_73,Sample Video Title 73,Channel 3,News,"tag73, tag74",133250,7190,1730,2023-01-04 00:00:00,2023-01-05 00:00:00,GB,Wednesday,0,0.0,0.0
vid_74,Sample Video Title 74,Channel 4,Gaming,"tag74, tag75",138500,7220,1740,2023-01-04 01:00:00,2023-01-05 01:00:00,CA,Wednesday,1,0.0,0.0
vid_75,Sample Video Title 75,Channel 5,Education,"tag75, tag76",118750,7250,1750,2023-01-04 02:00:00,2023-01-05 02:00:00,AU,Wednesday,2,0.0,0.0
vid_76,Sample Video Title 76,Channel 6,Entertainment,"tag76, tag77",124000,7280,1760,2023-01-04 03:00:00,2023-01-05 03:00:00,US,Wednesday,3,0.0,0.0
vid_77,Sample Video Title 77,Channel 7,Music,"tag77, tag78",129250,7310,1770,2023-01-04 04:00:00,2023-01-05 04:00:00,IN,Wednesday,4,0.0,0.0
vid_78,Sample Video Title 78,Channel 8,News,"tag78, tag79",134500,7340,1780,2023-01-04 05:00:00,2023-01-05 05:00:00,GB,Wednesday,5,0.0,0.0
vid_79,Sample Video Title 79,Channel 9,Gaming,"tag79, tag80",139750,7370,1790,2023-01-04 06:00:00,2023-01-05 06:00:00,CA,Wednesday,6,0.0,0.0
vid_80,Sample Video Title 80,Channel 0,Education,"tag80, tag81",120000,7400,1800,2023-01-04 07:00:00,2023-01-05 07:00:00,AU,Wednesday,7,0.0,0.0
vid_81,Sample Video Title 81,Channel 1,Entertainment,"tag81, tag82",125250,7430,1810,2023-01-04 08:00:00,2023-01-05 08:00:00,US,Wednesday,8,0.0,0.0
vid_82,Sample Video Title 82,Channel 2,Music,"tag82, tag83",130500,7460,1820,2023-01-04 09:00:00,2023-01-05 09:00:00,IN,Wednesday,9,0.0,0.0
vid_83,Sample Video Title 83,Channel 3,News,"tag83, tag84",135750,7490,1830,2023-01-04 10:00:00,2023-01-05 10:00:00,GB,Wednesday,10,0.0,0.0
vid_84,Sample Video Title 84,Channel 4,Gaming,"tag84, tag85",141000,7520,1840,2023-01-04 11:00:00,2023-01-05 11:00:00,CA,Wednesday,11,0.0,0.0
vid_85,Sample Video Title 85,Channel 5,Education,"tag85, tag86",121250,7550,1850,2023-01-04 12:00:00,2023-01-05 12:00:00,AU,Wednesday,12,0.0,0.0
vid_86,Sample Video Title 86,Channel 6,Entertainment,"tag86, tag87",126500,7580,1860,2023-01-04 13:00:00,2023-01-05 13:00:00,US,Wednesday,13,0.0,0.0
vid_87,Sample Video Title 87,Channel 7,Music,"tag87, tag88",131750,7610,1870,2023-01-04 14:00:00,2023-01-05 14:00:00,IN,Wednesday,14,0.0,0.0
vid_88,Sample Video Title 88,Channel 8,News,"tag88, tag89",137000,7640,1880,2023-01-04 15:00:00,2023-01-05 15:00:00,GB,Wednesday,15,0.0,0.0
vid_89,Sample Video Title 89,Channel 9,Gaming,"tag89, tag90",142250,7670,1890,2023-01-04 16:00:00,2023-01-05 16:00:00,CA,Wednesday,16,0.0,0.0
vid_90,Sample Video Title 90,Channel 0,Education,"tag90, tag91",122500,7700,1900,2023-01-04 17:00:00,2023-01-05 17:00:00,AU,Wednesday,17,0.0,0.0
vid_91,Sample Video Title 91,Channel 1,Entertainment,"tag91, tag92",127750,7730,1910,2023-01-04 18:00:00,2023-01-05 18:00:00,US,Wednesday,18,0.0,0.0
vid_92,Sample Video Title 92,Channel 2,Music,"tag92, tag93",133000,7760,1920,2023-01-04 19:00:00,2023-01-05 19:00:00,IN,Wednesday,19,0.0,0.0
vid_93,Sample Video Title 93,Channel 3,News,"tag93, tag94",138250,7790,1930,2023-01-04 20:00:00,2023-01-05 20:00:00,GB,Wednesday,20,0.0,0.0
vid_94,Sample Video Title 94,Channel 4,Gaming,"tag94, tag95",143500,7820,1940,2023-01-04 21:00:00,2023-01-05 21:00:00,CA,Wednesday,21,0.0,0.0
vid_95,Sample Video Title 95,Channel 5,Education,"tag95, tag96",123750,7850,1950,2023-01-04 22:00:00,2023-01-05 22:00:00,AU,Wednesday,22,0.0,0.0
vid_96,Sample Video Title 96,Channel 6,Entertainment,"tag96, tag97",129000,7880,1960,2023-01-04 23:00:00,2023-01-05 23:00:00,US,Wednesday,23,0.0,0.0
vid_97,Sample Video Title 97,Channel 7,Music,"tag97, tag98",134250,7910,1970,2023-01-05 00:00:00,2023-01-06 00:00:00,IN,Thursday,0,0.0,0.0
vid_98,Sample Video Title 98,Channel 8,News,"tag98, tag99",139500,7940,1980,2023-01-05 01:00:00,2023-01-06 01:00:00,GB,Thursday,1,0.0,0.0
vid_99,Sample Video Title 99,Channel 9,Gaming,"tag99, tag100",144750,7970,1990,2023-01-05 02:00:00,2023-01-06 02:00:00,CA,Thursday,2,0.0,0.0
vid_100,Sample Video Title 100,Channel 0,Education,"tag100, tag101",125000,8000,2000,2023-01-05 03:00:00,2023-01-06 03:00:00,AU,Thursday,3,0.0,0.0
vid_101,Sample Video Title 101,Channel 1,Entertainment,"tag101, tag102",130250,8030,2010,2023-01-05 04:00:00,2023-01-06 04:00:00,US,Thursday,4,0.0,0.0
vid_102,Sample Video Title 102,Channel 2,Music,"tag102, tag103",135500,8060,2020,2023-01-05 05:00:00,2023-01-06 05:00:00,IN,Thursday,5,0.0,0.0
vid_103,Sample Video Title 103,Channel 3,News,"tag103, tag104",140750,8090,2030,2023-01-05 06:00:00,2023-01-06 06:00:00,GB,Thursday,6,0.0,0.0
vid_104,Sample Video Title 104,Channel 4,Gaming,"tag104, tag105",146000,8120,2040,2023-01-05 07:00:00,2023-01-06 07:00:00,CA,Thursday,7,0.0,0.0
vid_105,Sample Video Title 105,Channel 5,Education,"tag105, tag106",126250,8150,2050,2023-01-05 08:00:00,2023-01-06 08:00:00,AU,Thursday,8,0.0,0.0
vid_106,Sample Video Title 106,Channel 6,Entertainment,"tag106, tag107",131500,8180,2060,2023-01-05 09:00:00,2023-01-06 09:00:00,US,Thursday,9,0.0,0.0
vid_107,Sample Video Title 107,Channel 7,Music,"tag107, tag108",136750,8210,2070,2023-01-05 10:00:00,2023-01-06 10:00:00,IN,Thursday,10,0.0,0.0
vid_108,Sample Video Title 108,Channel 8,News,"tag108, tag109",142000,8240,2080,2023-01-05 11:00:00,2023-01-06 11:00:00,GB,Thursday,11,0.0,0.0
vid_109,Sample Video Title 109,Channel 9,Gaming,"tag109, tag110",147250,8270,2090,2023-01-05 12:00:00,2023-01-06 12:00:00,CA,Thursday,12,0.0,0.0
vid_110,Sample Video Title 110,Channel 0,Education,"tag110, tag111",127500,8300,2100,2023-01-05 13:00:00,2023-01-06 13:00:00,AU,Thursday,13,0.0,0.0
vid_111,Sample Video Title 111,Channel 1,Entertainment,"tag111, tag112",132750,8330,2110,2023-01-05 14:00:00,2023-01-06 14:00:00,US,Thursday,14,0.0,0.0
vid_112,Sample Video Title 112,Channel 2,Music,"tag112, tag113",138000,8360,2120,2023-01-05 15:00:00,2023-01-06 15:00:00,IN,Thursday,15,0.0,0.0
vid_113,Sample Video Title 113,Channel 3,News,"tag113, tag114",143250,8390,2130,2023-01-05 16:00:00,2023-01-06 16:00:00,GB,Thursday,16,0.0,0.0
vid_114,Sample Video Title 114,Channel 4,Gaming,"tag114, tag115",148500,8420,2140,2023-01-05 17:00:00,2023-01-06 17:00:00,CA,Thursday,17,0.0,0.0
vid_115,Sample Video Title 115,Channel 5,Education,"tag115, tag116",128750,8450,2150,2023-01-05 18:00:00,2023-01-06 18:00:00,AU,Thursday,18,0.0,0.0
vid_116,Sample Video Title 116,Channel 6,Entertainment,"tag116, tag117",134000,8480,2160,2023-01-05 19:00:00,2023-01-06 19:00:00,US,Thursday,19,0.0,0.0
vid_117,Sample Video Title 117,Channel 7,Music,"tag117, tag118",139250,8510,2170,2023-01-05 20:00:00,2023-01-06 20:00:00,IN,Thursday,20,0.0,0.0
vid_118,Sample Video Title 118,Channel 8,News,"tag118, tag119",144500,8540,2180,2023-01-05 21:00:00,2023-01-06 21:00:00,GB,Thursday,21,0.0,0.0
vid_119,Sample Video Title 119,Channel 9,Gaming,"tag119, tag120",149750,8570,2190,2023-01-05 22:00:00,2023-01-06 22:00:00,CA,Thursday,22,0.0,0.0
vid_120,Sample Video Title 120,Channel 0,Education,"tag120, tag121",130000,8600,2200,2023-01-05 23:00:00,2023-01-06 23:00:00,AU,Thursday,23,0.0,0.0
vid_121,Sample Video Title 121,Channel 1,Entertainment,"tag121, tag122",135250,8630,2210,2023-01-06 00:00:00,2023-01-07 00:00:00,US,Friday,0,0.0,0.0
vid_122,Sample Video Title 122,Channel 2,Music,"tag122, tag123",140500,8660,2220,2023-01-06 01:00:00,2023-01-07 01:00:00,IN,Friday,1,0.0,0.0
vid_123,Sample Video Title 123,Channel 3,News,"tag123, tag124",145750,8690,2230,2023-01-06 02:00:00,2023-01-07 02:00:00,GB,Friday,2,0.0,0.0
vid_124,Sample Video Title 124,Channel 4,Gaming,"tag124, tag125",151000,8720,2240,2023-01-06 03:00:00,2023-01-07 03:00:00,CA,Friday,3,0.0,0.0
vid_125,Sample Video Title 125,Channel 5,Education,"tag125, tag126",131250,8750,2250,2023-01-06 04:00:00,2023-01-07 04:00:00,AU,Friday,4,0.0,0.0
vid_126,Sample Video Title 126,Channel 6,Entertainment,"tag126, tag127",136500,8780,2260,2023-01-06 05:00:00,2023-01-07 05:00:00,US,Friday,5,0.0,0.0
vid_127,Sample Video Title 127,Channel 7,Music,"tag127, tag128",141750,8810,2270,2023-01-06 06:00:00,2023-01-07 06:00:00,IN,Friday,6,0.0,0.0
vid_128,Sample Video Title 128,Channel 8,News,"tag128, tag129",147000,8840,2280,2023-01-06 07:00:00,2023-01-07 07:00:00,GB,Friday,7,0.0,0.0
vid_129,Sample Video Title 129,Channel 9,Gaming,"tag129, tag130",152250,8870,2290,2023-01-06 08:00:00,2023-01-07 08:00:00,CA,Friday,8,0.0,0.0
vid_130,Sample Video Title 130,Channel 0,Education,"tag130, tag131",132500,8900,2300,2023-01-06 09:00:00,2023-01-07 09:00:00,AU,Friday,9,0.0,0.0
vid_131,Sample Video Title 131,Channel 1,Entertainment,"tag131, tag132",137750,8930,2310,2023-01-06 10:00:00,2023-01-07 10:00:00,US,Friday,10,0.0,0.0
vid_132,Sample Video Title 132,Channel 2,Music,"tag132, tag133",143000,8960,2320,2023-01-06 11:00:00,2023-01-07 11:00:00,IN,Friday,11,0.0,0.0
vid_133,Sample Video Title 133,Channel 3,News,"tag133, tag134",148250,8990,2330,2023-01-06 12:00:00,2023-01-07 12:00:00,GB,Friday,12,0.0,0.0
vid_134,Sample Video Title 134,Channel 4,Gaming,"tag134, tag135",153500,9020,2340,2023-01-06 13:00:00,2023-01-07 13:00:00,CA,Friday,13,0.0,0.0
vid_135,Sample Video Title 135,Channel 5,Education,"tag135, tag136",133750,9050,2350,2023-01-06 14:00:00,2023-01-07 14:00:00,AU,Friday,14,0.0,0.0
vid_136,Sample Video Title 136,Channel 6,Entertainment,"tag136, tag137",139000,9080,2360,2023-01-06 15:00:00,2023-01-07 15:00:00,US,Friday,15,0.0,0.0
vid_137,Sample Video Title 137,Channel 7,Music,"tag137, tag138",144250,9110,2370,2023-01-06 16:00:00,2023-01-07 16:00:00,IN,Friday,16,0.0,0.0
vid_138,Sample Video Title 138,Channel 8,News,"tag138, tag139",149500,9140,2380,2023-01-06 17:00:00,2023-01-07 17:00:00,GB,Friday,17,0.0,0.0
vid_139,Sample Video Title 139,Channel 9,Gaming,"tag139, tag140",154750,9170,2390,2023-01-06 18:00:00,2023-01-07 18:00:00,CA,Friday,18,0.0,0.0
vid_140,Sample Video Title 140,Channel 0,Education,"tag140, tag141",135000,9200,2400,2023-01-06 19:00:00,2023-01-07 19:00:00,AU,Friday,19,0.0,0.0
vid_141,Sample Video Title 141,Channel 1,Entertainment,"tag141, tag142",140250,9230,2410,2023-01-06 20:00:00,2023-01-07 20:00:00,US,Friday,20,0.0,0.0
vid_142,Sample Video Title 142,Channel 2,Music,"tag142, tag143",145500,9260,2420,2023-01-06 21:00:00,2023-01-07 21:00:00,IN,Friday,21,0.0,0.0
vid_143,Sample Video Title 143,Channel 3,News,"tag143, tag144",150750,9290,2430,2023-01-06 22:00:00,2023-01-07 22:00:00,GB,Friday,22,0.0,0.0
vid_144,Sample Video Title 144,Channel 4,Gaming,"tag144, tag145",156000,9320,2440,2023-01-06 23:00:00,2023-01-07 23:00:00,CA,Friday,23,0.0,0.0
vid_145,Sample Video Title 145,Channel 5,Education,"tag145, tag146",136250,9350,2450,2023-01-07 00:00:00,2023-01-08 00:00:00,AU,Saturday,0,0.0,0.0
vid_146,Sample Video Title 146,Channel 6,Entertainment,"tag146, tag147",141500,9380,2460,2023-01-07 01:00:00,2023-01-08 01:00:00,US,Saturday,1,0.0,0.0
vid_147,Sample Video Title 147,Channel 7,Music,"tag147, tag148",146750,9410,2470,2023-01-07 02:00:00,2023-01-08 02:00:00,IN,Saturday,2,0.0,0.0
vid_148,Sample Video Title 148,Channel 8,News,"tag148, tag149",152000,9440,2480,2023-01-07 03:00:00,2023-01-08 03:00:00,GB,Saturday,3,0.0,0.0
vid_149,Sample Video Title 149,Channel 9,Gaming,"tag149, tag150",157250,9470,2490,2023-01-07 04:00:00,2023-01-08 04:00:00,CA,Saturday,4,0.0,0.0
vid_150,Sample Video Title 150,Channel 0,Education,"tag150, tag151",137500,9500,2500,2023-01-07 05:00:00,2023-01-08 05:00:00,AU,Saturday,5,0.0,0.0
vid_151,Sample Video Title 151,Channel 1,Entertainment,"tag151, tag152",142750,9530,2510,2023-01-07 06:00:00,2023-01-08 06:00:00,US,Saturday,6,0.0,0.0
vid_152,Sample Video Title 152,Channel 2,Music,"tag152, tag153",148000,9560,2520,2023-01-07 07:00:00,2023-01-08 07:00:00,IN,Saturday,7,0.0,0.0
vid_153,Sample Video Title 153,Channel 3,News,"tag153, tag154",153250,9590,2530,2023-01-07 08:00:00,2023-01-08 08:00:00,GB,Saturday,8,0.0,0.0
vid_154,Sample Video Title 154,Channel 4,Gaming,"tag154, tag155",158500,9620,2540,2023-01-07 09:00:00,2023-01-08 09:00:00,CA,Saturday,9,0.0,0.0
vid_155,Sample Video Title 155,Channel 5,Education,"tag155, tag156",138750,9650,2550,2023-01-07 10:00:00,2023-01-08 10:00:00,AU,Saturday,10,0.0,0.0
vid_156,Sample Video Title 156,Channel 6,Entertainment,"tag156, tag157",144000,9680,2560,2023-01-07 11:00:00,2023-01-08 11:00:00,US,Saturday,11,0.0,0.0
vid_157,Sample Video Title 157,Channel 7,Music,"tag157, tag158",149250,9710,2570,2023-01-07 12:00:00,2023-01-08 12:00:00,IN,Saturday,12,0.0,0.0
vid_158,Sample Video Title 158,Channel 8,News,"tag158, tag159",154500,9740,2580,2023-01-07 13:00:00,2023-01-08 13:00:00,GB,Saturday,13,0.0,0.0
vid_159,Sample Video Title 159,Channel 9,Gaming,"tag159, tag160",159750,9770,2590,2023-01-07 14:00:00,2023-01-08 14:00:00,CA,Saturday,14,0.0,0.0
vid_160,Sample Video Title 160,Channel 0,Education,"tag160, tag161",140000,9800,2600,2023-01-07 15:00:00,2023-01-08 15:00:00,AU,Saturday,15,0.0,0.0
vid_161,Sample Video Title 161,Channel 1,Entertainment,"tag161, tag162",145250,9830,2610,2023-01-07 16:00:00,2023-01-08 16:00:00,US,Saturday,16,0.0,0.0
vid_162,Sample Video Title 162,Channel 2,Music,"tag162, tag163",150500,9860,2620,2023-01-07 17:00:00,2023-01-08 17:00:00,IN,Saturday,17,0.0,0.0
vid_163,Sample Video Title 163,Channel 3,News,"tag163, tag164",155750,9890,2630,2023-01-07 18:00:00,2023-01-08 18:00:00,GB,Saturday,18,0.0,0.0
vid_164,Sample Video Title 164,Channel 4,Gaming,"tag164, tag165",161000,9920,2640,2023-01-07 19:00:00,2023-01-08 19:00:00,CA,Saturday,19,0.0,0.0
vid_165,Sample Video Title 165,Channel 5,Education,"tag165, tag166",141250,9950,2650,2023-01-07 20:00:00,2023-01-08 20:00:00,AU,Saturday,20,0.0,0.0
vid_166,Sample Video Title 166,Channel 6,Entertainment,"tag166, tag167",146500,9980,2660,2023-01-07 21:00:00,2023-01-08 21:00:00,US,Saturday,21,0.0,0.0
vid_167,Sample Video Title 167,Channel 7,Music,"tag167, tag168",151750,10010,2670,2023-01-07 22:00:00,2023-01-08 22:00:00,IN,Saturday,22,0.0,0.0
vid_168,Sample Video Title 168,Channel 8,News,"tag168, tag169",157000,10040,2680,2023-01-07 23:00:00,2023-01-08 23:00:00,GB,Saturday,23,0.0,0.0
vid_169,Sample Video Title 169,Channel 9,Gaming,"tag169, tag170",162250,10070,2690,2023-01-08 00:00:00,2023-01-09 00:00:00,CA,Sunday,0,0.0,0.0
vid_170,Sample Video Title 170,Channel 0,Education,"tag170, tag171",142500,10100,2700,2023-01-08 01:00:00,2023-01-09 01:00:00,AU,Sunday,1,0.0,0.0
vid_171,Sample Video Title 171,Channel 1,Entertainment,"tag171, tag172",147750,10130,2710,2023-01-08 02:00:00,2023-01-09 02:00:00,US,Sunday,2,0.0,0.0
vid_172,Sample Video Title 172,Channel 2,Music,"tag172, tag173",153000,10160,2720,2023-01-08 03:00:00,2023-01-09 03:00:00,IN,Sunday,3,0.0,0.0
vid_173,Sample Video Title 173,Channel 3,News,"tag173, tag174",158250,10190,2730,2023-01-08 04:00:00,2023-01-09 04:00:00,GB,Sunday,4,0.0,0.0
vid_174,Sample Video Title 174,Channel 4,Gaming,"tag174, tag175",163500,10220,2740,2023-01-08 05:00:00,2023-01-09 05:00:00,CA,Sunday,5,0.0,0.0
vid_175,Sample Video Title 175,Channel 5,Education,"tag175, tag176",143750,10250,2750,2023-01-08 06:00:00,2023-01-09 06:00:00,AU,Sunday,6,0.0,0.0
vid_176,Sample Video Title 176,Channel 6,Entertainment,"tag176, tag177",149000,10280,2760,2023-01-08 07:00:00,2023-01-09 07:00:00,US,Sunday,7,0.0,0.0
vid_177,Sample Video Title 177,Channel 7,Music,"tag177, tag178",154250,10310,2770,2023-01-08 08:00:00,2023-01-09 08:00:00,IN,Sunday,8,0.0,0.0
vid_178,Sample Video Title 178,Channel 8,News,"tag178, tag179",159500,10340,2780,2023-01-08 09:00:00,2023-01-09 09:00:00,GB,Sunday,9,0.0,0.0
vid_179,Sample Video Title 179,Channel 9,Gaming,"tag179, tag180",164750,10370,2790,2023-01-08 10:00:00,2023-01-09 10:00:00,CA,Sunday,10,0.0,0.0
vid_180,Sample Video Title 180,Channel 0,Education,"tag180, tag181",145000,10400,2800,2023-01-08 11:00:00,2023-01-09 11:00:00,AU,Sunday,11,0.0,0.0
vid_181,Sample Video Title 181,Channel 1,Entertainment,"tag181, tag182",150250,10430,2810,2023-01-08 12:00:00,2023-01-09 12:00:00,US,Sunday,12,0.0,0.0
vid_182,Sample Video Title 182,Channel 2,Music,"tag182, tag183",155500,10460,2820,2023-01-08 13:00:00,2023-01-09 13:00:00,IN,Sunday,13,0.0,0.0
vid_183,Sample Video Title 183,Channel 3,News,"tag183, tag184",160750,10490,2830,2023-01-08 14:00:00,2023-01-09 14:00:00,GB,Sunday,14,0.0,0.0
vid_184,Sample Video Title 184,Channel 4,Gaming,"tag184, tag185",166000,10520,2840,2023-01-08 15:00:00,2023-01-09 15:00:00,CA,Sunday,15,0.0,0.0
vid_185,Sample Video Title 185,Channel 5,Education,"tag185, tag186",146250,10550,2850,2023-01-08 16:00:00,2023-01-09 16:00:00,AU,Sunday,16,0.0,0.0
vid_186,Sample Video Title 186,Channel 6,Entertainment,"tag186, tag187",151500,10580,2860,2023-01-08 17:00:00,2023-01-09 17:00:00,US,Sunday,17,0.0,0.0
vid_187,Sample Video Title 187,Channel 7,Music,"tag187, tag188",156750,10610,2870,2023-01-08 18:00:00,2023-01-09 18:00:00,IN,Sunday,18,0.0,0.0
vid_188,Sample Video Title 188,Channel 8,News,"tag188, tag189",162000,10640,2880,2023-01-08 19:00:00,2023-01-09 19:00:00,GB,Sunday,19,0.0,0.0
vid_189,Sample Video Title 189,Channel 9,Gaming,"tag189, tag190",167250,10670,2890,2023-01-08 20:00:00,2023-01-09 20:00:00,CA,Sunday,20,0.0,0.0
vid_190,Sample Video Title 190,Channel 0,Education,"tag190, tag191",147500,10700,2900,2023-01-08 21:00:00,2023-01-09 21:00:00,AU,Sunday,21,0.0,0.0
vid_191,Sample Video Title 191,Channel 1,Entertainment,"tag191, tag192",152750,10730,2910,2023-01-08 22:00:00,2023-01-09 22:00:00,US,Sunday,22,0.0,0.0
vid_192,Sample Video Title 192,Channel 2,Music,"tag192, tag193",158000,10760,2920,2023-01-08 23:00:00,2023-01-09 23:00:00,IN,Sunday,23,0.0,0.0
vid_193,Sample Video Title 193,Channel 3,News,"tag193, tag194",163250,10790,2930,2023-01-09 00:00:00,2023-01-10 00:00:00,GB,Monday,0,0.0,0.0
vid_194,Sample Video Title 194,Channel 4,Gaming,"tag194, tag195",168500,10820,2940,2023-01-09 01:00:00,2023-01-10 01:00:00,CA,Monday,1,0.0,0.0
vid_195,Sample Video Title 195,Channel 5,Education,"tag195, tag196",148750,10850,2950,2023-01-09 02:00:00,2023-01-10 02:00:00,AU,Monday,2,0.0,0.0
vid_196,Sample Video Title 196,Channel 6,Entertainment,"tag196, tag197",154000,10880,2960,2023-01-09 03:00:00,2023-01-10 03:00:00,US,Monday,3,0.0,0.0
vid_197,Sample Video Title 197,Channel 7,Music,"tag197, tag198",159250,10910,2970,2023-01-09 04:00:00,2023-01-10 04:00:00,IN,Monday,4,0.0,0.0
vid_198,Sample Video Title 198,Channel 8,News,"tag198, tag199",164500,10940,2980,2023-01-09 05:00:00,2023-01-10 05:00:00,GB,Monday,5,0.0,0.0
vid_199,Sample Video Title 199,Channel 9,Gaming,"tag199, tag200",169750,10970,2990,2023-01-09 06:00:00,2023-01-10 06:00:00,CA,Monday,6,0.0,0.0
vid_200,Sample Video Title 200,Channel 0,Education,"tag200, tag201",150000,11000,3000,2023-01-09 07:00:00,2023-01-10 07:00:00,AU,Monday,7,0.0,0.0
vid_201,Sample Video Title 201,Channel 1,Entertainment,"tag201, tag202",155250,11030,3010,2023-01-09 08:00:00,2023-01-10 08:00:00,US,Monday,8,0.0,0.0
vid_202,Sample Video Title 202,Channel 2,Music,"tag202, tag203",160500,11060,3020,2023-01-09 09:00:00,2023-01-10 09:00:00,IN,Monday,9,0.0,0.0
vid_203,Sample Video Title 203,Channel 3,News,"tag203, tag204",165750,11090,3030,2023-01-09 10:00:00,2023-01-10 10:00:00,GB,Monday,10,0.0,0.0
vid_204,Sample Video Title 204,Channel 4,Gaming,"tag204, tag205",171000,11120,3040,2023-01-09 11:00:00,2023-01-10 11:00:00,CA,Monday,11,0.0,0.0
vid_205,Sample Video Title 205,Channel 5,Education,"tag205, tag206",151250,11150,3050,2023-01-09 12:00:00,2023-01-10 12:00:00,AU,Monday,12,0.0,0.0
vid_206,Sample Video Title 206,Channel 6,Entertainment,"tag206, tag207",156500,11180,3060,2023-01-09 13:00:00,2023-01-10 13:00:00,US,Monday,13,0.0,0.0
vid_207,Sample Video Title 207,Channel 7,Music,"tag207, tag208",161750,11210,3070,2023-01-09 14:00:00,2023-01-10 14:00:00,IN,Monday,14,0.0,0.0
vid_208,Sample Video Title 208,Channel 8,News,"tag208, tag209",167000,11240,3080,2023-01-09 15:00:00,2023-01-10 15:00:00,GB,Monday,15,0.0,0.0
vid_209,Sample Video Title 209,Channel 9,Gaming,"tag209, tag210",172250,11270,3090,2023-01-09 16:00:00,2023-01-10 16:00:00,CA,Monday,16,0.0,0.0
vid_210,Sample Video Title 210,Channel 0,Education,"tag210, tag211",152500,11300,3100,2023-01-09 17:00:00,2023-01-10 17:00:00,AU,Monday,17,0.0,0.0
vid_211,Sample Video Title 211,Channel 1,Entertainment,"tag211, tag212",157750,11330,3110,2023-01-09 18:00:00,2023-01-10 18:00:00,US,Monday,18,0.0,0.0
vid_212,Sample Video Title 212,Channel 2,Music,"tag212, tag213",163000,11360,3120,2023-01-09 19:00:00,2023-01-10 19:00:00,IN,Monday,19,0.0,0.0
vid_213,Sample Video Title 213,Channel 3,News,"tag213, tag214",168250,11390,3130,2023-01-09 20:00:00,2023-01-10 20:00:00,GB,Monday,20,0.0,0.0
vid_214,Sample Video Title 214,Channel 4,Gaming,"tag214, tag215",173500,11420,3140,2023-01-09 21:00:00,2023-01-10 21:00:00,CA,Monday,21,0.0,0.0
vid_215,Sample Video Title 215,Channel 5,Education,"tag215, tag216",153750,11450,3150,2023-01-09 22:00:00,2023-01-10 22:00:00,AU,Monday,22,0.0,0.0
vid_216,Sample Video Title 216,Channel 6,Entertainment,"tag216, tag217",159000,11480,3160,2023-01-09 23:00:00,2023-01-10 23:00:00,US,Monday,23,0.0,0.0
vid_217,Sample Video Title 217,Channel 7,Music,"tag217, tag218",164250,11510,3170,2023-01-10 00:00:00,2023-01-11 00:00:00,IN,Tuesday,0,0.0,0.0
vid_218,Sample Video Title 218,Channel 8,News,"tag218, tag219",169500,11540,3180,2023-01-10 01:00:00,2023-01-11 01:00:00,GB,Tuesday,1,0.0,0.0
vid_219,Sample Video Title 219,Channel 9,Gaming,"tag219, tag220",174750,11570,3190,2023-01-10 02:00:00,2023-01-11 02:00:00,CA,Tuesday,2,0.0,0.0
vid_220,Sample Video Title 220,Channel 0,Education,"tag220, tag221",155000,11600,3200,2023-01-10 03:00:00,2023-01-11 03:00:00,AU,Tuesday,3,0.0,0.0
vid_221,Sample Video Title 221,Channel 1,Entertainment,"tag221, tag222",160250,11630,3210,2023-01-10 04:00:00,2023-01-11 04:00:00,US,Tuesday,4,0.0,0.0
vid_222,Sample Video Title 222,Channel 2,Music,"tag222, tag223",165500,11660,3220,2023-01-10 05:00:00,2023-01-11 05:00:00,IN,Tuesday,5,0.0,0.0
vid_223,Sample Video Title 223,Channel 3,News,"tag223, tag224",170750,11690,3230,2023-01-10 06:00:00,2023-01-11 06:00:00,GB,Tuesday,6,0.0,0.0
vid_224,Sample Video Title 224,Channel 4,Gaming,"tag224, tag225",176000,11720,3240,2023-01-10 07:00:00,2023-01-11 07:00:00,CA,Tuesday,7,0.0,0.0
vid_225,Sample Video Title 225,Channel 5,Education,"tag225, tag226",156250,11750,3250,2023-01-10 08:00:00,2023-01-11 08:00:00,AU,Tuesday,8,0.0,0.0
vid_226,Sample Video Title 226,Channel 6,Entertainment,"tag226, tag227",161500,11780,3260,2023-01-10 09:00:00,2023-01-11 09:00:00,US,Tuesday,9,0.0,0.0
vid_227,Sample Video Title 227,Channel 7,Music,"tag227, tag228",166750,11810,3270,2023-01-10 10:00:00,2023-01-11 10:00:00,IN,Tuesday,10,0.0,0.0
vid_228,Sample Video Title 228,Channel 8,News,"tag228, tag229",172000,11840,3280,2023-01-10 11:00:00,2023-01-11 11:00:00,GB,Tuesday,11,0.0,0.0
vid_229,Sample Video Title 229,Channel 9,Gaming,"tag229, tag230",177250,11870,3290,2023-01-10 12:00:00,2023-01-11 12:00:00,CA,Tuesday,12,0.0,0.0
vid_230,Sample Video Title 230,Channel 0,Education,"tag230, tag231",157500,11900,3300,2023-01-10 13:00:00,2023-01-11 13:00:00,AU,Tuesday,13,0.0,0.0
vid_231,Sample Video Title 231,Channel 1,Entertainment,"tag231, tag232",162750,11930,3310,2023-01-10 14:00:00,2023-01-11 14:00:00,US,Tuesday,14,0.0,0.0
vid_232,Sample Video Title 232,Channel 2,Music,"tag232, tag233",168000,11960,3320,2023-01-10 15:00:00,2023-01-11 15:00:00,IN,Tuesday,15,0.0,0.0
vid_233,Sample Video Title 233,Channel 3,News,"tag233, tag234",173250,11990,3330,2023-01-10 16:00:00,2023-01-11 16:00:00,GB,Tuesday,16,0.0,0.0
vid_234,Sample Video Title 234,Channel 4,Gaming,"tag234, tag235",178500,12020,3340,2023-01-10 17:00:00,2023-01-11 17:00:00,CA,Tuesday,17,0.0,0.0
vid_235,Sample Video Title 235,Channel 5,Education,"tag235, tag236",158750,12050,3350,2023-01-10 18:00:00,2023-01-11 18:00:00,AU,Tuesday,18,0.0,0.0
vid_236,Sample Video Title 236,Channel 6,Entertainment,"tag236, tag237",164000,12080,3360,2023-01-10 19:00:00,2023-01-11 19:00:00,US,Tuesday,19,0.0,0.0
vid_237,Sample Video Title 237,Channel 7,Music,"tag237, tag238",169250,12110,3370,2023-01-10 20:00:00,2023-01-11 20:00:00,IN,Tuesday,20,0.0,0.0
vid_238,Sample Video Title 238,Channel 8,News,"tag238, tag239",174500,12140,3380,2023-01-10 21:00:00,2023-01-11 21:00:00,GB,Tuesday,21,0.0,0.0
vid_239,Sample Video Title 239,Channel 9,Gaming,"tag239, tag240",179750,12170,3390,2023-01-10 22:00:00,2023-01-11 22:00:00,CA,Tuesday,22,0.0,0.0
vid_240,Sample Video Title 240,Channel 0,Education,"tag240, tag241",160000,12200,3400,2023-01-10 23:00:00,2023-01-11 23:00:00,AU,Tuesday,23,0.0,0.0
vid_241,Sample Video Title 241,Channel 1,Entertainment,"tag241, tag242",165250,12230,3410,2023-01-11 00:00:00,2023-01-12 00:00:00,US,Wednesday,0,0.0,0.0
vid_242,Sample Video Title 242,Channel 2,Music,"tag242, tag243",170500,12260,3420,2023-01-11 01:00:00,2023-01-12 01:00:00,IN,Wednesday,1,0.0,0.0
vid_243,Sample Video Title 243,Channel 3,News,"tag243, tag244",175750,12290,3430,2023-01-11 02:00:00,2023-01-12 02:00:00,GB,Wednesday,2,0.0,0.0
vid_244,Sample Video Title 244,Channel 4,Gaming,"tag244, tag245",181000,12320,3440,2023-01-11 03:00:00,2023-01-12 03:00:00,CA,Wednesday,3,0.0,0.0
vid_245,Sample Video Title 245,Channel 5,Education,"tag245, tag246",161250,12350,3450,2023-01-11 04:00:00,2023-01-12 04:00:00,AU,Wednesday,4,0.0,0.0
vid_246,Sample Video Title 246,Channel 6,Entertainment,"tag246, tag247",166500,12380,3460,2023-01-11 05:00:00,2023-01-12 05:00:00,US,Wednesday,5,0.0,0.0
vid_247,Sample Video Title 247,Channel 7,Music,"tag247, tag248",171750,12410,3470,2023-01-11 06:00:00,2023-01-12 06:00:00,IN,Wednesday,6,0.0,0.0
vid_248,Sample Video Title 248,Channel 8,News,"tag248, tag249",177000,12440,3480,2023-01-11 07:00:00,2023-01-12 07:00:00,GB,Wednesday,7,0.0,0.0
vid_249,Sample Video Title 249,Channel 9,Gaming,"tag249, tag250",182250,12470,3490,2023-01-11 08:00:00,2023-01-12 08:00:00,CA,Wednesday,8,0.0,0.0
vid_250,Sample Video Title 250,Channel 0,Education,"tag250, tag251",162500,12500,3500,2023-01-11 09:00:00,2023-01-12 09:00:00,AU,Wednesday,9,0.0,0.0
vid_251,Sample Video Title 251,Channel 1,Entertainment,"tag251, tag252",167750,12530,3510,2023-01-11 10:00:00,2023-01-12 10:00:00,US,Wednesday,10,0.0,0.0
vid_252,Sample Video Title 252,Channel 2,Music,"tag252, tag253",173000,12560,3520,2023-01-11 11:00:00,2023-01-12 11:00:00,IN,Wednesday,11,0.0,0.0
vid_253,Sample Video Title 253,Channel 3,News,"tag253, tag254",178250,12590,3530,2023-01-11 12:00:00,2023-01-12 12:00:00,GB,Wednesday,12,0.0,0.0
vid_254,Sample Video Title 254,Channel 4,Gaming,"tag254, tag255",183500,12620,3540,2023-01-11 13:00:00,2023-01-12 13:00:00,CA,Wednesday,13,0.0,0.0
vid_255,Sample Video Title 255,Channel 5,Education,"tag255, tag256",163750,12650,3550,2023-01-11 14:00:00,2023-01-12 14:00:00,AU,Wednesday,14,0.0,0.0
vid_256,Sample Video Title 256,Channel 6,Entertainment,"tag256, tag257",169000,12680,3560,2023-01-11 15:00:00,2023-01-12 15:00:00,US,Wednesday,15,0.0,0.0
vid_257,Sample Video Title 257,Channel 7,Music,"tag257, tag258",174250,12710,3570,2023-01-11 16:00:00,2023-01-12 16:00:00,IN,Wednesday,16,0.0,0.0
vid_258,Sample Video Title 258,Channel 8,News,"tag258, tag259",179500,12740,3580,2023-01-11 17:00:00,2023-01-12 17:00:00,GB,Wednesday,17,0.0,0.0
vid_259,Sample Video Title 259,Channel 9,Gaming,"tag259, tag260",184750,12770,3590,2023-01-11 18:00:00,2023-01-12 18:00:00,CA,Wednesday,18,0.0,0.0
vid_260,Sample Video Title 260,Channel 0,Education,"tag260, tag261",165000,12800,3600,2023-01-11 19:00:00,2023-01-12 19:00:00,AU,Wednesday,19,0.0,0.0
vid_261,Sample Video Title 261,Channel 1,Entertainment,"tag261, tag262",170250,12830,3610,2023-01-11 20:00:00,2023-01-12 20:00:00,US,Wednesday,20,0.0,0.0
vid_262,Sample Video Title 262,Channel 2,Music,"tag262, tag263",175500,12860,3620,2023-01-11 21:00:00,2023-01-12 21:00:00,IN,Wednesday,21,0.0,0.0
vid_263,Sample Video Title 263,Channel 3,News,"tag263, tag264",180750,12890,3630,2023-01-11 22:00:00,2023-01-12 22:00:00,GB,Wednesday,22,0.0,0.0
vid_264,Sample Video Title 264,Channel 4,Gaming,"tag264, tag265",186000,12920,3640,2023-01-11 23:00:00,2023-01-12 23:00:00,CA,Wednesday,23,0.0,0.0
vid_265,Sample Video Title 265,Channel 5,Education,"tag265, tag266",166250,12950,3650,2023-01-12 00:00:00,2023-01-13 00:00:00,AU,Thursday,0,0.0,0.0
vid_266,Sample Video Title 266,Channel 6,Entertainment,"tag266, tag267",171500,12980,3660,2023-01-12 01:00:00,2023-01-13 01:00:00,US,Thursday,1,0.0,0.0
vid_267,Sample Video Title 267,Channel 7,Music,"tag267, tag268",176750,13010,3670,2023-01-12 02:00:00,2023-01-13 02:00:00,IN,Thursday,2,0.0,0.0
vid_268,Sample Video Title 268,Channel 8,News,"tag268, tag269",182000,13040,3680,2023-01-12 03:00:00,2023-01-13 03:00:00,GB,Thursday,3,0.0,0.0
vid_269,Sample Video Title 269,Channel 9,Gaming,"tag269, tag270",187250,13070,3690,2023-01-12 04:00:00,2023-01-13 04:00:00,CA,Thursday,4,0.0,0.0
vid_270,Sample Video Title 270,Channel 0,Education,"tag270, tag271",167500,13100,3700,2023-01-12 05:00:00,2023-01-13 05:00:00,AU,Thursday,5,0.0,0.0
vid_271,Sample Video Title 271,Channel 1,Entertainment,"tag271, tag272",172750,13130,3710,2023-01-12 06:00:00,2023-01-13 06:00:00,US,Thursday,6,0.0,0.0
vid_272,Sample Video Title 272,Channel 2,Music,"tag272, tag273",178000,13160,3720,2023-01-12 07:00:00,2023-01-13 07:00:00,IN,Thursday,7,0.0,0.0
vid_273,Sample Video Title 273,Channel 3,News,"tag273, tag274",183250,13190,3730,2023-01-12 08:00:00,2023-01-13 08:00:00,GB,Thursday,8,0.0,0.0
vid_274,Sample Video Title 274,Channel 4,Gaming,"tag274, tag275",188500,13220,3740,2023-01-12 09:00:00,2023-01-13 09:00:00,CA,Thursday,9,0.0,0.0
vid_275,Sample Video Title 275,Channel 5,Education,"tag275, tag276",168750,13250,3750,2023-01-12 10:00:00,2023-01-13 10:00:00,AU,Thursday,10,0.0,0.0
vid_276,Sample Video Title 276,Channel 6,Entertainment,"tag276, tag277",174000,13280,3760,2023-01-12 11:00:00,2023-01-13 11:00:00,US,Thursday,11,0.0,0.0
vid_277,Sample Video Title 277,Channel 7,Music,"tag277, tag278",179250,13310,3770,2023-01-12 12:00:00,2023-01-13 12:00:00,IN,Thursday,12,0.0,0.0
vid_278,Sample Video Title 278,Channel 8,News,"tag278, tag279",184500,13340,3780,2023-01-12 13:00:00,2023-01-13 13:00:00,GB,Thursday,13,0.0,0.0
vid_279,Sample Video Title 279,Channel 9,Gaming,"tag279, tag280",189750,13370,3790,2023-01-12 14:00:00,2023-01-13 14:00:00,CA,Thursday,14,0.0,0.0
vid_280,Sample Video Title 280,Channel 0,Education,"tag280, tag281",170000,13400,3800,2023-01-12 15:00:00,2023-01-13 15:00:00,AU,Thursday,15,0.0,0.0
vid_281,Sample Video Title 281,Channel 1,Entertainment,"tag281, tag282",175250,13430,3810,2023-01-12 16:00:00,2023-01-13 16:00:00,US,Thursday,16,0.0,0.0
vid_282,Sample Video Title 282,Channel 2,Music,"tag282, tag283",180500,13460,3820,2023-01-12 17:00:00,2023-01-13 17:00:00,IN,Thursday,17,0.0,0.0
vid_283,Sample Video Title 283,Channel 3,News,"tag283, tag284",185750,13490,3830,2023-01-12 18:00:00,2023-01-13 18:00:00,GB,Thursday,18,0.0,0.0
vid_284,Sample Video Title 284,Channel 4,Gaming,"tag284, tag285",191000,13520,3840,2023-01-12 19:00:00,2023-01-13 19:00:00,CA,Thursday,19,0.0,0.0
vid_285,Sample Video Title 285,Channel 5,Education,"tag285, tag286",171250,13550,3850,2023-01-12 20:00:00,2023-01-13 20:00:00,AU,Thursday,20,0.0,0.0
vid_286,Sample Video Title 286,Channel 6,Entertainment,"tag286, tag287",176500,13580,3860,2023-01-12 21:00:00,2023-01-13 21:00:00,US,Thursday,21,0.0,0.0
vid_287,Sample Video Title 287,Channel 7,Music,"tag287, tag288",181750,13610,3870,2023-01-12 22:00:00,2023-01-13 22:00:00,IN,Thursday,22,0.0,0.0
vid_288,Sample Video Title 288,Channel 8,News,"tag288, tag289",187000,13640,3880,2023-01-12 23:00:00,2023-01-13 23:00:00,GB,Thursday,23,0.0,0.0
vid_289,Sample Video Title 289,Channel 9,Gaming,"tag289, tag290",192250,13670,3890,2023-01-13 00:00:00,2023-01-14 00:00:00,CA,Friday,0,0.0,0.0
vid_290,Sample Video Title 290,Channel 0,Education,"tag290, tag291",172500,13700,3900,2023-01-13 01:00:00,2023-01-14 01:00:00,AU,Friday,1,0.0,0.0
vid_291,Sample Video Title 291,Channel 1,Entertainment,"tag291, tag292",177750,13730,3910,2023-01-13 02:00:00,2023-01-14 02:00:00,US,Friday,2,0.0,0.0
vid_292,Sample Video Title 292,Channel 2,Music,"tag292, tag293",183000,13760,3920,2023-01-13 03:00:00,2023-01-14 03:00:00,IN,Friday,3,0.0,0.0
vid_293,Sample Video Title 293,Channel 3,News,"tag293, tag294",188250,13790,3930,2023-01-13 04:00:00,2023-01-14 04:00:00,GB,Friday,4,0.0,0.0
vid_294,Sample Video Title 294,Channel 4,Gaming,"tag294, tag295",193500,13820,3940,2023-01-13 05:00:00,2023-01-14 05:00:00,CA,Friday,5,0.0,0.0
vid_295,Sample Video Title 295,Channel 5,Education,"tag295, tag296",173750,13850,3950,2023-01-13 06:00:00,2023-01-14 06:00:00,AU,Friday,6,0.0,0.0
vid_296,Sample Video Title 296,Channel 6,Entertainment,"tag296, tag297",179000,13880,3960,2023-01-13 07:00:00,2023-01-14 07:00:00,US,Friday,7,0.0,0.0
vid_297,Sample Video Title 297,Channel 7,Music,"tag297, tag298",184250,13910,3970,2023-01-13 08:00:00,2023-01-14 08:00:00,IN,Friday,8,0.0,0.0
vid_298,Sample Video Title 298,Channel 8,News,"tag298, tag299",189500,13940,3980,2023-01-13 09:00:00,2023-01-14 09:00:00,GB,Friday,9,0.0,0.0
vid_299,Sample Video Title 299,Channel 9,Gaming,"tag299, tag300",194750,13970,3990,2023-01-13 10:00:00,2023-01-14 10:00:00,CA,Friday,10,0.0,0.0
vid_300,Sample Video Title 300,Channel 0,Education,"tag300, tag301",175000,14000,4000,2023-01-13 11:00:00,2023-01-14 11:00:00,AU,Friday,11,0.0,0.0
vid_301,Sample Video Title 301,Channel 1,Entertainment,"tag301, tag302",180250,14030,4010,2023-01-13 12:00:00,2023-01-14 12:00:00,US,Friday,12,0.0,0.0
vid_302,Sample Video Title 302,Channel 2,Music,"tag302, tag303",185500,14060,4020,2023-01-13 13:00:00,2023-01-14 13:00:00,IN,Friday,13,0.0,0.0
vid_303,Sample Video Title 303,Channel 3,News,"tag303, tag304",190750,14090,4030,2023-01-13 14:00:00,2023-01-14 14:00:00,GB,Friday,14,0.0,0.0
vid_304,Sample Video Title 304,Channel 4,Gaming,"tag304, tag305",196000,14120,4040,2023-01-13 15:00:00,2023-01-14 15:00:00,CA,Friday,15,0.0,0.0
vid_305,Sample Video Title 305,Channel 5,Education,"tag305, tag306",176250,14150,4050,2023-01-13 16:00:00,2023-01-14 16:00:00,AU,Friday,16,0.0,0.0
vid_306,Sample Video Title 306,Channel 6,Entertainment,"tag306, tag307",181500,14180,4060,2023-01-13 17:00:00,2023-01-14 17:00:00,US,Friday,17,0.0,0.0
vid_307,Sample Video Title 307,Channel 7,Music,"tag307, tag308",186750,14210,4070,2023-01-13 18:00:00,2023-01-14 18:00:00,IN,Friday,18,0.0,0.0
vid_308,Sample Video Title 308,Channel 8,News,"tag308, tag309",192000,14240,4080,2023-01-13 19:00:00,2023-01-14 19:00:00,GB,Friday,19,0.0,0.0
vid_309,Sample Video Title 309,Channel 9,Gaming,"tag309, tag310",197250,14270,4090,2023-01-13 20:00:00,2023-01-14 20:00:00,CA,Friday,20,0.0,0.0
vid_310,Sample Video Title 310,Channel 0,Education,"tag310, tag311",177500,14300,4100,2023-01-13 21:00:00,2023-01-14 21:00:00,AU,Friday,21,0.0,0.0
vid_311,Sample Video Title 311,Channel 1,Entertainment,"tag311, tag312",182750,14330,4110,2023-01-13 22:00:00,2023-01-14 22:00:00,US,Friday,22,0.0,0.0
vid_312,Sample Video Title 312,Channel 2,Music,"tag312, tag313",188000,14360,4120,2023-01-13 23:00:00,2023-01-14 23:00:00,IN,Friday,23,0.0,0.0
vid_313,Sample Video Title 313,Channel 3,News,"tag313, tag314",193250,14390,4130,2023-01-14 00:00:00,2023-01-15 00:00:00,GB,Saturday,0,0.0,0.0
vid_314,Sample Video Title 314,Channel 4,Gaming,"tag314, tag315",198500,14420,4140,2023-01-14 01:00:00,2023-01-15 01:00:00,CA,Saturday,1,0.0,0.0
vid_315,Sample Video Title 315,Channel 5,Education,"tag315, tag316",178750,14450,4150,2023-01-14 02:00:00,2023-01-15 02:00:00,AU,Saturday,2,0.0,0.0
vid_316,Sample Video Title 316,Channel 6,Entertainment,"tag316, tag317",184000,14480,4160,2023-01-14 03:00:00,2023-01-15 03:00:00,US,Saturday,3,0.0,0.0
vid_317,Sample Video Title 317,Channel 7,Music,"tag317, tag318",189250,14510,4170,2023-01-14 04:00:00,2023-01-15 04:00:00,IN,Saturday,4,0.0,0.0
vid_318,Sample Video Title 318,Channel 8,News,"tag318, tag319",194500,14540,4180,2023-01-14 05:00:00,2023-01-15 05:00:00,GB,Saturday,5,0.0,0.0
vid_319,Sample Video Title 319,Channel 9,Gaming,"tag319, tag320",199750,14570,4190,2023-01-14 06:00:00,2023-01-15 06:00:00,CA,Saturday,6,0.0,0.0
vid_320,Sample Video Title 320,Channel 0,Education,"tag320, tag321",180000,14600,4200,2023-01-14 07:00:00,2023-01-15 07:00:00,AU,Saturday,7,0.0,0.0
vid_321,Sample Video Title 321,Channel 1,Entertainment,"tag321, tag322",185250,14630,4210,2023-01-14 08:00:00,2023-01-15 08:00:00,US,Saturday,8,0.0,0.0
vid_322,Sample Video Title 322,Channel 2,Music,"tag322, tag323",190500,14660,4220,2023-01-14 09:00:00,2023-01-15 09:00:00,IN,Saturday,9,0.0,0.0
vid_323,Sample Video Title 323,Channel 3,News,"tag323, tag324",195750,14690,4230,2023-01-14 10:00:00,2023-01-15 10:00:00,GB,Saturday,10,0.0,0.0
vid_324,Sample Video Title 324,Channel 4,Gaming,"tag324, tag325",201000,14720,4240,2023-01-14 11:00:00,2023-01-15 11:00:00,CA,Saturday,11,0.0,0.0
vid_325,Sample Video Title 325,Channel 5,Education,"tag325, tag326",181250,14750,4250,2023-01-14 12:00:00,2023-01-15 12:00:00,AU,Saturday,12,0.0,0.0
vid_326,Sample Video Title 326,Channel 6,Entertainment,"tag326, tag327",186500,14780,4260,2023-01-14 13:00:00,2023-01-15 13:00:00,US,Saturday,13,0.0,0.0
vid_327,Sample Video Title 327,Channel 7,Music,"tag327, tag328",191750,14810,4270,2023-01-14 14:00:00,2023-01-15 14:00:00,IN,Saturday,14,0.0,0.0
vid_328,Sample Video Title 328,Channel 8,News,"tag328, tag329",197000,14840,4280,2023-01-14 15:00:00,2023-01-15 15:00:00,GB,Saturday,15,0.0,0.0
vid_329,Sample Video Title 329,Channel 9,Gaming,"tag329, tag330",202250,14870,4290,2023-01-14 16:00:00,2023-01-15 16:00:00,CA,Saturday,16,0.0,0.0
vid_330,Sample Video Title 330,Channel 0,Education,"tag330, tag331",182500,14900,4300,2023-01-14 17:00:00,2023-01-15 17:00:00,AU,Saturday,17,0.0,0.0
vid_331,Sample Video Title 331,Channel 1,Entertainment,"tag331, tag332",187750,14930,4310,2023-01-14 18:00:00,2023-01-15 18:00:00,US,Saturday,18,0.0,0.0
vid_332,Sample Video Title 332,Channel 2,Music,"tag332, tag333",193000,14960,4320,2023-01-14 19:00:00,2023-01-15 19:00:00,IN,Saturday,19,0.0,0.0
vid_333,Sample Video Title 333,Channel 3,News,"tag333, tag334",198250,14990,4330,2023-01-14 20:00:00,2023-01-15 20:00:00,GB,Saturday,20,0.0,0.0
vid_334,Sample Video Title 334,Channel 4,Gaming,"tag334, tag335",203500,15020,4340,2023-01-14 21:00:00,2023-01-15 21:00:00,CA,Saturday,21,0.0,0.0
vid_335,Sample Video Title 335,Channel 5,Education,"tag335, tag336",183750,15050,4350,2023-01-14 22:00:00,2023-01-15 22:00:00,AU,Saturday,22,0.0,0.0
vid_336,Sample Video Title 336,Channel 6,Entertainment,"tag336, tag337",189000,15080,4360,2023-01-14 23:00:00,2023-01-15 23:00:00,US,Saturday,23,0.0,0.0
vid_337,Sample Video Title 337,Channel 7,Music,"tag337, tag338",194250,15110,4370,2023-01-15 00:00:00,2023-01-16 00:00:00,IN,Sunday,0,0.0,0.0
vid_338,Sample Video Title 338,Channel 8,News,"tag338, tag339",199500,15140,4380,2023-01-15 01:00:00,2023-01-16 01:00:00,GB,Sunday,1,0.0,0.0
vid_339,Sample Video Title 339,Channel 9,Gaming,"tag339, tag340",204750,15170,4390,2023-01-15 02:00:00,2023-01-16 02:00:00,CA,Sunday,2,0.0,0.0
vid_340,Sample Video Title 340,Channel 0,Education,"tag340, tag341",185000,15200,4400,2023-01-15 03:00:00,2023-01-16 03:00:00,AU,Sunday,3,0.0,0.0
vid_341,Sample Video Title 341,Channel 1,Entertainment,"tag341, tag342",190250,15230,4410,2023-01-15 04:00:00,2023-01-16 04:00:00,US,Sunday,4,0.0,0.0
vid_342,Sample Video Title 342,Channel 2,Music,"tag342, tag343",195500,15260,4420,2023-01-15 05:00:00,2023-01-16 05:00:00,IN,Sunday,5,0.0,0.0
vid_343,Sample Video Title 343,Channel 3,News,"tag343, tag344",200750,15290,4430,2023-01-15 06:00:00,2023-01-16 06:00:00,GB,Sunday,6,0.0,0.0
vid_344,Sample Video Title 344,Channel 4,Gaming,"tag344, tag345",206000,15320,4440,2023-01-15 07:00:00,2023-01-16 07:00:00,CA,Sunday,7,0.0,0.0
vid_345,Sample Video Title 345,Channel 5,Education,"tag345, tag346",186250,15350,4450,2023-01-15 08:00:00,2023-01-16 08:00:00,AU,Sunday,8,0.0,0.0
vid_346,Sample Video Title 346,Channel 6,Entertainment,"tag346, tag347",191500,15380,4460,2023-01-15 09:00:00,2023-01-16 09:00:00,US,Sunday,9,0.0,0.0
vid_347,Sample Video Title 347,Channel 7,Music,"tag347, tag348",196750,15410,4470,2023-01-15 10:00:00,2023-01-16 10:00:00,IN,Sunday,10,0.0,0.0
vid_348,Sample Video Title 348,Channel 8,News,"tag348, tag349",202000,15440,4480,2023-01-15 11:00:00,2023-01-16 11:00:00,GB,Sunday,11,0.0,0.0
vid_349,Sample Video Title 349,Channel 9,Gaming,"tag349, tag350",207250,15470,4490,2023-01-15 12:00:00,2023-01-16 12:00:00,CA,Sunday,12,0.0,0.0
vid_350,Sample Video Title 350,Channel 0,Education,"tag350, tag351",187500,15500,4500,2023-01-15 13:00:00,2023-01-16 13:00:00,AU,Sunday,13,0.0,0.0
vid_351,Sample Video Title 351,Channel 1,Entertainment,"tag351, tag352",192750,15530,4510,2023-01-15 14:00:00,2023-01-16 14:00:00,US,Sunday,14,0.0,0.0
vid_352,Sample Video Title 352,Channel 2,Music,"tag352, tag353",198000,15560,4520,2023-01-15 15:00:00,2023-01-16 15:00:00,IN,Sunday,15,0.0,0.0
vid_353,Sample Video Title 353,Channel 3,News,"tag353, tag354",203250,15590,4530,2023-01-15 16:00:00,2023-01-16 16:00:00,GB,Sunday,16,0.0,0.0
vid_354,Sample Video Title 354,Channel 4,Gaming,"tag354, tag355",208500,15620,4540,2023-01-15 17:00:00,2023-01-16 17:00:00,CA,Sunday,17,0.0,0.0
vid_355,Sample Video Title 355,Channel 5,Education,"tag355, tag356",188750,15650,4550,2023-01-15 18:00:00,2023-01-16 18:00:00,AU,Sunday,18,0.0,0.0
vid_356,Sample Video Title 356,Channel 6,Entertainment,"tag356, tag357",194000,15680,4560,2023-01-15 19:00:00,2023-01-16 19:00:00,US,Sunday,19,0.0,0.0
vid_357,Sample Video Title 357,Channel 7,Music,"tag357, tag358",199250,15710,4570,2023-01-15 20:00:00,2023-01-16 20:00:00,IN,Sunday,20,0.0,0.0
vid_358,Sample Video Title 358,Channel 8,News,"tag358, tag359",204500,15740,4580,2023-01-15 21:00:00,2023-01-16 21:00:00,GB,Sunday,21,0.0,0.0
vid_359,Sample Video Title 359,Channel 9,Gaming,"tag359, tag360",209750,15770,4590,2023-01-15 22:00:00,2023-01-16 22:00:00,CA,Sunday,22,0.0,0.0
vid_360,Sample Video Title 360,Channel 0,Education,"tag360, tag361",190000,15800,4600,2023-01-15 23:00:00,2023-01-16 23:00:00,AU,Sunday,23,0.0,0.0
vid_361,Sample Video Title 361,Channel 1,Entertainment,"tag361, tag362",195250,15830,4610,2023-01-16 00:00:00,2023-01-17 00:00:00,US,Monday,0,0.0,0.0
vid_362,Sample Video Title 362,Channel 2,Music,"tag362, tag363",200500,15860,4620,2023-01-16 01:00:00,2023-01-17 01:00:00,IN,Monday,1,0.0,0.0
vid_363,Sample Video Title 363,Channel 3,News,"tag363, tag364",205750,15890,4630,2023-01-16 02:00:00,2023-01-17 02:00:00,GB,Monday,2,0.0,0.0
vid_364,Sample Video Title 364,Channel 4,Gaming,"tag364, tag365",211000,15920,4640,2023-01-16 03:00:00,2023-01-17 03:00:00,CA,Monday,3,0.0,0.0
vid_365,Sample Video Title 365,Channel 5,Education,"tag365, tag366",191250,15950,4650,2023-01-16 04:00:00,2023-01-17 04:00:00,AU,Monday,4,0.0,0.0
vid_366,Sample Video Title 366,Channel 6,Entertainment,"tag366, tag367",196500,15980,4660,2023-01-16 05:00:00,2023-01-17 05:00:00,US,Monday,5,0.0,0.0
vid_367,Sample Video Title 367,Channel 7,Music,"tag367, tag368",201750,16010,4670,2023-01-16 06:00:00,2023-01-17 06:00:00,IN,Monday,6,0.0,0.0
vid_368,Sample Video Title 368,Channel 8,News,"tag368, tag369",207000,16040,4680,2023-01-16 07:00:00,2023-01-17 07:00:00,GB,Monday,7,0.0,0.0
vid_369,Sample Video Title 369,Channel 9,Gaming,"tag369, tag370",212250,16070,4690,2023-01-16 08:00:00,2023-01-17 08:00:00,CA,Monday,8,0.0,0.0
vid_370,Sample Video Title 370,Channel 0,Education,"tag370, tag371",192500,16100,4700,2023-01-16 09:00:00,2023-01-17 09:00:00,AU,Monday,9,0.0,0.0
vid_371,Sample Video Title 371,Channel 1,Entertainment,"tag371, tag372",197750,16130,4710,2023-01-16 10:00:00,2023-01-17 10:00:00,US,Monday,10,0.0,0.0
vid_372,Sample Video Title 372,Channel 2,Music,"tag372, tag373",203000,16160,4720,2023-01-16 11:00:00,2023-01-17 11:00:00,IN,Monday,11,0.0,0.0
vid_373,Sample Video Title 373,Channel 3,News,"tag373, tag374",208250,16190,4730,2023-01-16 12:00:00,2023-01-17 12:00:00,GB,Monday,12,0.0,0.0
vid_374,Sample Video Title 374,Channel 4,Gaming,"tag374, tag375",213500,16220,4740,2023-01-16 13:00:00,2023-01-17 13:00:00,CA,Monday,13,0.0,0.0
vid_375,Sample Video Title 375,Channel 5,Education,"tag375, tag376",193750,16250,4750,2023-01-16 14:00:00,2023-01-17 14:00:00,AU,Monday,14,0.0,0.0
vid_376,Sample Video Title 376,Channel 6,Entertainment,"tag376, tag377",199000,16280,4760,2023-01-16 15:00:00,2023-01-17 15:00:00,US,Monday,15,0.0,0.0
vid_377,Sample Video Title 377,Channel 7,Music,"tag377, tag378",204250,16310,4770,2023-01-16 16:00:00,2023-01-17 16:00:00,IN,Monday,16,0.0,0.0
vid_378,Sample Video Title 378,Channel 8,News,"tag378, tag379",209500,16340,4780,2023-01-16 17:00:00,2023-01-17 17:00:00,GB,Monday,17,0.0,0.0
vid_379,Sample Video Title 379,Channel 9,Gaming,"tag379, tag380",214750,16370,4790,2023-01-16 18:00:00,2023-01-17 18:00:00,CA,Monday,18,0.0,0.0
vid_380,Sample Video Title 380,Channel 0,Education,"tag380, tag381",195000,16400,4800,2023-01-16 19:00:00,2023-01-17 19:00:00,AU,Monday,19,0.0,0.0
vid_381,Sample Video Title 381,Channel 1,Entertainment,"tag381, tag382",200250,16430,4810,2023-01-16 20:00:00,2023-01-17 20:00:00,US,Monday,20,0.0,0.0
vid_382,Sample Video Title 382,Channel 2,Music,"tag382, tag383",205500,16460,4820,2023-01-16 21:00:00,2023-01-17 21:00:00,IN,Monday,21,0.0,0.0
vid_383,Sample Video Title 383,Channel 3,News,"tag383, tag384",210750,16490,4830,2023-01-16 22:00:00,2023-01-17 22:00:00,GB,Monday,22,0.0,0.0
vid_384,Sample Video Title 384,Channel 4,Gaming,"tag384, tag385",216000,16520,4840,2023-01-16 23:00:00,2023-01-17 23:00:00,CA,Monday,23,0.0,0.0
vid_385,Sample Video Title 385,Channel 5,Education,"tag385, tag386",196250,16550,4850,2023-01-17 00:00:00,2023-01-18 00:00:00,AU,Tuesday,0,0.0,0.0
vid_386,Sample Video Title 386,Channel 6,Entertainment,"tag386, tag387",201500,16580,4860,2023-01-17 01:00:00,2023-01-18 01:00:00,US,Tuesday,1,0.0,0.0
vid_387,Sample Video Title 387,Channel 7,Music,"tag387, tag388",206750,16610,4870,2023-01-17 02:00:00,2023-01-18 02:00:00,IN,Tuesday,2,0.0,0.0
vid_388,Sample Video Title 388,Channel 8,News,"tag388, tag389",212000,16640,4880,2023-01-17 03:00:00,2023-01-18 03:00:00,GB,Tuesday,3,0.0,0.0
vid_389,Sample Video Title 389,Channel 9,Gaming,"tag389, tag390",217250,16670,4890,2023-01-17 04:00:00,2023-01-18 04:00:00,CA,Tuesday,4,0.0,0.0
vid_390,Sample Video Title 390,Channel 0,Education,"tag390, tag391",197500,16700,4900,2023-01-17 05:00:00,2023-01-18 05:00:00,AU,Tuesday,5,0.0,0.0
vid_391,Sample Video Title 391,Channel 1,Entertainment,"tag391, tag392",202750,16730,4910,2023-01-17 06:00:00,2023-01-18 06:00:00,US,Tuesday,6,0.0,0.0
vid_392,Sample Video Title 392,Channel 2,Music,"tag392, tag393",208000,16760,4920,2023-01-17 07:00:00,2023-01-18 07:00:00,IN,Tuesday,7,0.0,0.0
vid_393,Sample Video Title 393,Channel 3,News,"tag393, tag394",213250,16790,4930,2023-01-17 08:00:00,2023-01-18 08:00:00,GB,Tuesday,8,0.0,0.0
vid_394,Sample Video Title 394,Channel 4,Gaming,"tag394, tag395",218500,16820,4940,2023-01-17 09:00:00,2023-01-18 09:00:00,CA,Tuesday,9,0.0,0.0
vid_395,Sample Video Title 395,Channel 5,Education,"tag395, tag396",198750,16850,4950,2023-01-17 10:00:00,2023-01-18 10:00:00,AU,Tuesday,10,0.0,0.0
vid_396,Sample Video Title 396,Channel 6,Entertainment,"tag396, tag397",204000,16880,4960,2023-01-17 11:00:00,2023-01-18 11:00:00,US,Tuesday,11,0.0,0.0
vid_397,Sample Video Title 397,Channel 7,Music,"tag397, tag398",209250,16910,4970,2023-01-17 12:00:00,2023-01-18 12:00:00,IN,Tuesday,12,0.0,0.0
vid_398,Sample Video Title 398,Channel 8,News,"tag398, tag399",214500,16940,4980,2023-01-17 13:00:00,2023-01-18 13:00:00,GB,Tuesday,13,0.0,0.0
vid_399,Sample Video Title 399,Channel 9,Gaming,"tag399, tag400",219750,16970,4990,2023-01-17 14:00:00,2023-01-18 14:00:00,CA,Tuesday,14,0.0,0.0
vid_400,Sample Video Title 400,Channel 0,Education,"tag400, tag401",200000,17000,5000,2023-01-17 15:00:00,2023-01-18 15:00:00,AU,Tuesday,15,0.0,0.0
vid_401,Sample Video Title 401,Channel 1,Entertainment,"tag401, tag402",205250,17030,5010,2023-01-17 16:00:00,2023-01-18 16:00:00,US,Tuesday,16,0.0,0.0
vid_402,Sample Video Title 402,Channel 2,Music,"tag402, tag403",210500,17060,5020,2023-01-17 17:00:00,2023-01-18 17:00:00,IN,Tuesday,17,0.0,0.0
vid_403,Sample Video Title 403,Channel 3,News,"tag403, tag404",215750,17090,5030,2023-01-17 18:00:00,2023-01-18 18:00:00,GB,Tuesday,18,0.0,0.0
vid_404,Sample Video Title 404,Channel 4,Gaming,"tag404, tag405",221000,17120,5040,2023-01-17 19:00:00,2023-01-18 19:00:00,CA,Tuesday,19,0.0,0.0
vid_405,Sample Video Title 405,Channel 5,Education,"tag405, tag406",201250,17150,5050,2023-01-17 20:00:00,2023-01-18 20:00:00,AU,Tuesday,20,0.0,0.0
vid_406,Sample Video Title 406,Channel 6,Entertainment,"tag406, tag407",206500,17180,5060,2023-01-17 21:00:00,2023-01-18 21:00:00,US,Tuesday,21,0.0,0.0
vid_407,Sample Video Title 407,Channel 7,Music,"tag407, tag408",211750,17210,5070,2023-01-17 22:00:00,2023-01-18 22:00:00,IN,Tuesday,22,0.0,0.0
vid_408,Sample Video Title 408,Channel 8,News,"tag408, tag409",217000,17240,5080,2023-01-17 23:00:00,2023-01-18 23:00:00,GB,Tuesday,23,0.0,0.0
vid_409,Sample Video Title 409,Channel 9,Gaming,"tag409, tag410",222250,17270,5090,2023-01-18 00:00:00,2023-01-19 00:00:00,CA,Wednesday,0,0.0,0.0
vid_410,Sample Video Title 410,Channel 0,Education,"tag410, tag411",202500,17300,5100,2023-01-18 01:00:00,2023-01-19 01:00:00,AU,Wednesday,1,0.0,0.0
vid_411,Sample Video Title 411,Channel 1,Entertainment,"tag411, tag412",207750,17330,5110,2023-01-18 02:00:00,2023-01-19 02:00:00,US,Wednesday,2,0.0,0.0
vid_412,Sample Video Title 412,Channel 2,Music,"tag412, tag413",213000,17360,5120,2023-01-18 03:00:00,2023-01-19 03:00:00,IN,Wednesday,3,0.0,0.0
vid_413,Sample Video Title 413,Channel 3,News,"tag413, tag414",218250,17390,5130,2023-01-18 04:00:00,2023-01-19 04:00:00,GB,Wednesday,4,0.0,0.0
vid_414,Sample Video Title 414,Channel 4,Gaming,"tag414, tag415",223500,17420,5140,2023-01-18 05:00:00,2023-01-19 05:00:00,CA,Wednesday,5,0.0,0.0
vid_415,Sample Video Title 415,Channel 5,Education,"tag415, tag416",203750,17450,5150,2023-01-18 06:00:00,2023-01-19 06:00:00,AU,Wednesday,6,0.0,0.0
vid_416,Sample Video Title 416,Channel 6,Entertainment,"tag416, tag417",209000,17480,5160,2023-01-18 07:00:00,2023-01-19 07:00:00,US,Wednesday,7,0.0,0.0
vid_417,Sample Video Title 417,Channel 7,Music,"tag417, tag418",214250,17510,5170,2023-01-18 08:00:00,2023-01-19 08:00:00,IN,Wednesday,8,0.0,0.0
vid_418,Sample Video Title 418,Channel 8,News,"tag418, tag419",219500,17540,5180,2023-01-18 09:00:00,2023-01-19 09:00:00,GB,Wednesday,9,0.0,0.0
vid_419,Sample Video Title 419,Channel 9,Gaming,"tag419, tag420",224750,17570,5190,2023-01-18 10:00:00,2023-01-19 10:00:00,CA,Wednesday,10,0.0,0.0
vid_420,Sample Video Title 420,Channel 0,Education,"tag420, tag421",205000,17600,5200,2023-01-18 11:00:00,2023-01-19 11:00:00,AU,Wednesday,11,0.0,0.0
vid_421,Sample Video Title 421,Channel 1,Entertainment,"tag421, tag422",210250,17630,5210,2023-01-18 12:00:00,2023-01-19 12:00:00,US,Wednesday,12,0.0,0.0
vid_422,Sample Video Title 422,Channel 2,Music,"tag422, tag423",215500,17660,5220,2023-01-18 13:00:00,2023-01-19 13:00:00,IN,Wednesday,13,0.0,0.0
vid_423,Sample Video Title 423,Channel 3,News,"tag423, tag424",220750,17690,5230,2023-01-18 14:00:00,2023-01-19 14:00:00,GB,Wednesday,14,0.0,0.0
vid_424,Sample Video Title 424,Channel 4,Gaming,"tag424, tag425",226000,17720,5240,2023-01-18 15:00:00,2023-01-19 15:00:00,CA,Wednesday,15,0.0,0.0
vid_425,Sample Video Title 425,Channel 5,Education,"tag425, tag426",206250,17750,5250,2023-01-18 16:00:00,2023-01-19 16:00:00,AU,Wednesday,16,0.0,0.0
vid_426,Sample Video Title 426,Channel 6,Entertainment,"tag426, tag427",211500,17780,5260,2023-01-18 17:00:00,2023-01-19 17:00:00,US,Wednesday,17,0.0,0.0
vid_427,Sample Video Title 427,Channel 7,Music,"tag427, tag428",216750,17810,5270,2023-01-18 18:00:00,2023-01-19 18:00:00,IN,Wednesday,18,0.0,0.0
vid_428,Sample Video Title 428,Channel 8,News,"tag428, tag429",222000,17840,5280,2023-01-18 19:00:00,2023-01-19 19:00:00,GB,Wednesday,19,0.0,0.0
vid_429,Sample Video Title 429,Channel 9,Gaming,"tag429, tag430",227250,17870,5290,2023-01-18 20:00:00,2023-01-19 20:00:00,CA,Wednesday,20,0.0,0.0
vid_430,Sample Video Title 430,Channel 0,Education,"tag430, tag431",207500,17900,5300,2023-01-18 21:00:00,2023-01-19 21:00:00,AU,Wednesday,21,0.0,0.0
vid_431,Sample Video Title 431,Channel 1,Entertainment,"tag431, tag432",212750,17930,5310,2023-01-18 22:00:00,2023-01-19 22:00:00,US,Wednesday,22,0.0,0.0
vid_432,Sample Video Title 432,Channel 2,Music,"tag432, tag433",218000,17960,5320,2023-01-18 23:00:00,2023-01-19 23:00:00,IN,Wednesday,23,0.0,0.0
vid_433,Sample Video Title 433,Channel 3,News,"tag433, tag434",223250,17990,5330,2023-01-19 00:00:00,2023-01-20 00:00:00,GB,Thursday,0,0.0,0.0
vid_434,Sample Video Title 434,Channel 4,Gaming,"tag434, tag435",228500,18020,5340,2023-01-19 01:00:00,2023-01-20 01:00:00,CA,Thursday,1,0.0,0.0
vid_435,Sample Video Title 435,Channel 5,Education,"tag435, tag436",208750,18050,5350,2023-01-19 02:00:00,2023-01-20 02:00:00,AU,Thursday,2,0.0,0.0
vid_436,Sample Video Title 436,Channel 6,Entertainment,"tag436, tag437",214000,18080,5360,2023-01-19 03:00:00,2023-01-20 03:00:00,US,Thursday,3,0.0,0.0
vid_437,Sample Video Title 437,Channel 7,Music,"tag437, tag438",219250,18110,5370,2023-01-19 04:00:00,2023-01-20 04:00:00,IN,Thursday,4,0.0,0.0
vid_438,Sample Video Title 438,Channel 8,News,"tag438, tag439",224500,18140,5380,2023-01-19 05:00:00,2023-01-20 05:00:00,GB,Thursday,5,0.0,0.0
vid_439,Sample Video Title 439,Channel 9,Gaming,"tag439, tag440",229750,18170,5390,2023-01-19 06:00:00,2023-01-20 06:00:00,CA,Thursday,6,0.0,0.0
vid_440,Sample Video Title 440,Channel 0,Education,"tag440, tag441",210000,18200,5400,2023-01-19 07:00:00,2023-01-20 07:00:00,AU,Thursday,7,0.0,0.0
vid_441,Sample Video Title 441,Channel 1,Entertainment,"tag441, tag442",215250,18230,5410,2023-01-19 08:00:00,2023-01-20 08:00:00,US,Thursday,8,0.0,0.0
vid_442,Sample Video Title 442,Channel 2,Music,"tag442, tag443",220500,18260,5420,2023-01-19 09:00:00,2023-01-20 09:00:00,IN,Thursday,9,0.0,0.0
vid_443,Sample Video Title 443,Channel 3,News,"tag443, tag444",225750,18290,5430,2023-01-19 10:00:00,2023-01-20 10:00:00,GB,Thursday,10,0.0,0.0
vid_444,Sample Video Title 444,Channel 4,Gaming,"tag444, tag445",231000,18320,5440,2023-01-19 11:00:00,2023-01-20 11:00:00,CA,Thursday,11,0.0,0.0
vid_445,Sample Video Title 445,Channel 5,Education,"tag445, tag446",211250,18350,5450,2023-01-19 12:00:00,2023-01-20 12:00:00,AU,Thursday,12,0.0,0.0
vid_446,Sample Video Title 446,Channel 6,Entertainment,"tag446, tag447",216500,18380,5460,2023-01-19 13:00:00,2023-01-20 13:00:00,US,Thursday,13,0.0,0.0
vid_447,Sample Video Title 447,Channel 7,Music,"tag447, tag448",221750,18410,5470,2023-01-19 14:00:00,2023-01-20 14:00:00,IN,Thursday,14,0.0,0.0
vid_448,Sample Video Title 448,Channel 8,News,"tag448, tag449",227000,18440,5480,2023-01-19 15:00:00,2023-01-20 15:00:00,GB,Thursday,15,0.0,0.0
vid_449,Sample Video Title 449,Channel 9,Gaming,"tag449, tag450",232250,18470,5490,2023-01-19 16:00:00,2023-01-20 16:00:00,CA,Thursday,16,0.0,0.0
vid_450,Sample Video Title 450,Channel 0,Education,"tag450, tag451",212500,18500,5500,2023-01-19 17:00:00,2023-01-20 17:00:00,AU,Thursday,17,0.0,0.0
vid_451,Sample Video Title 451,Channel 1,Entertainment,"tag451, tag452",217750,18530,5510,2023-01-19 18:00:00,2023-01-20 18:00:00,US,Thursday,18,0.0,0.0
vid_452,Sample Video Title 452,Channel 2,Music,"tag452, tag453",223000,18560,5520,2023-01-19 19:00:00,2023-01-20 19:00:00,IN,Thursday,19,0.0,0.0
vid_453,Sample Video Title 453,Channel 3,News,"tag453, tag454",228250,18590,5530,2023-01-19 20:00:00,2023-01-20 20:00:00,GB,Thursday,20,0.0,0.0
vid_454,Sample Video Title 454,Channel 4,Gaming,"tag454, tag455",233500,18620,5540,2023-01-19 21:00:00,2023-01-20 21:00:00,CA,Thursday,21,0.0,0.0
vid_455,Sample Video Title 455,Channel 5,Education,"tag455, tag456",213750,18650,5550,2023-01-19 22:00:00,2023-01-20 22:00:00,AU,Thursday,22,0.0,0.0
vid_456,Sample Video Title 456,Channel 6,Entertainment,"tag456, tag457",219000,18680,5560,2023-01-19 23:00:00,2023-01-20 23:00:00,US,Thursday,23,0.0,0.0
vid_457,Sample Video Title 457,Channel 7,Music,"tag457, tag458",224250,18710,5570,2023-01-20 00:00:00,2023-01-21 00:00:00,IN,Friday,0,0.0,0.0
vid_458,Sample Video Title 458,Channel 8,News,"tag458, tag459",229500,18740,5580,2023-01-20 01:00:00,2023-01-21 01:00:00,GB,Friday,1,0.0,0.0
vid_459,Sample Video Title 459,Channel 9,Gaming,"tag459, tag460",234750,18770,5590,2023-01-20 02:00:00,2023-01-21 02:00:00,CA,Friday,2,0.0,0.0
vid_460,Sample Video Title 460,Channel 0,Education,"tag460, tag461",215000,18800,5600,2023-01-20 03:00:00,2023-01-21 03:00:00,AU,Friday,3,0.0,0.0
vid_461,Sample Video Title 461,Channel 1,Entertainment,"tag461, tag462",220250,18830,5610,2023-01-20 04:00:00,2023-01-21 04:00:00,US,Friday,4,0.0,0.0
vid_462,Sample Video Title 462,Channel 2,Music,"tag462, tag463",225500,18860,5620,2023-01-20 05:00:00,2023-01-21 05:00:00,IN,Friday,5,0.0,0.0
vid_463,Sample Video Title 463,Channel 3,News,"tag463, tag464",230750,18890,5630,2023-01-20 06:00:00,2023-01-21 06:00:00,GB,Friday,6,0.0,0.0
vid_464,Sample Video Title 464,Channel 4,Gaming,"tag464, tag465",236000,18920,5640,2023-01-20 07:00:00,2023-01-21 07:00:00,CA,Friday,7,0.0,0.0
vid_465,Sample Video Title 465,Channel 5,Education,"tag465, tag466",216250,18950,5650,2023-01-20 08:00:00,2023-01-21 08:00:00,AU,Friday,8,0.0,0.0
vid_466,Sample Video Title 466,Channel 6,Entertainment,"tag466, tag467",221500,18980,5660,2023-01-20 09:00:00,2023-01-21 09:00:00,US,Friday,9,0.0,0.0
vid_467,Sample Video Title 467,Channel 7,Music,"tag467, tag468",226750,19010,5670,2023-01-20 10:00:00,2023-01-21 10:00:00,IN,Friday,10,0.0,0.0
vid_468,Sample Video Title 468,Channel 8,News,"tag468, tag469",232000,19040,5680,2023-01-20 11:00:00,2023-01-21 11:00:00,GB,Friday,11,0.0,0.0
vid_469,Sample Video Title 469,Channel 9,Gaming,"tag469, tag470",237250,19070,5690,2023-01-20 12:00:00,2023-01-21 12:00:00,CA,Friday,12,0.0,0.0
vid_470,Sample Video Title 470,Channel 0,Education,"tag470, tag471",217500,19100,5700,2023-01-20 13:00:00,2023-01-21 13:00:00,AU,Friday,13,0.0,0.0
vid_471,Sample Video Title 471,Channel 1,Entertainment,"tag471, tag472",222750,19130,5710,2023-01-20 14:00:00,2023-01-21 14:00:00,US,Friday,14,0.0,0.0
vid_472,Sample Video Title 472,Channel 2,Music,"tag472, tag473",228000,19160,5720,2023-01-20 15:00:00,2023-01-21 15:00:00,IN,Friday,15,0.0,0.0
vid_473,Sample Video Title 473,Channel 3,News,"tag473, tag474",233250,19190,5730,2023-01-20 16:00:00,2023-01-21 16:00:00,GB,Friday,16,0.0,0.0
vid_474,Sample Video Title 474,Channel 4,Gaming,"tag474, tag475",238500,19220,5740,2023-01-20 17:00:00,2023-01-21 17:00:00,CA,Friday,17,0.0,0.0
vid_475,Sample Video Title 475,Channel 5,Education,"tag475, tag476",218750,19250,5750,2023-01-20 18:00:00,2023-01-21 18:00:00,AU,Friday,18,0.0,0.0
vid_476,Sample Video Title 476,Channel 6,Entertainment,"tag476, tag477",224000,19280,5760,2023-01-20 19:00:00,2023-01-21 19:00:00,US,Friday,19,0.0,0.0
vid_477,Sample Video Title 477,Channel 7,Music,"tag477, tag478",229250,19310,5770,2023-01-20 20:00:00,2023-01-21 20:00:00,IN,Friday,20,0.0,0.0
vid_478,Sample Video Title 478,Channel 8,News,"tag478, tag479",234500,19340,5780,2023-01-20 21:00:00,2023-01-21 21:00:00,GB,Friday,21,0.0,0.0
vid_479,Sample Video Title 479,Channel 9,Gaming,"tag479, tag480",239750,19370,5790,2023-01-20 22:00:00,2023-01-21 22:00:00,CA,Friday,22,0.0,0.0
vid_480,Sample Video Title 480,Channel 0,Education,"tag480, tag481",220000,19400,5800,2023-01-20 23:00:00,2023-01-21 23:00:00,AU,Friday,23,0.0,0.0
vid_481,Sample Video Title 481,Channel 1,Entertainment,"tag481, tag482",225250,19430,5810,2023-01-21 00:00:00,2023-01-22 00:00:00,US,Saturday,0,0.0,0.0
vid_482,Sample Video Title 482,Channel 2,Music,"tag482, tag483",230500,19460,5820,2023-01-21 01:00:00,2023-01-22 01:00:00,IN,Saturday,1,0.0,0.0
vid_483,Sample Video Title 483,Channel 3,News,"tag483, tag484",235750,19490,5830,2023-01-21 02:00:00,2023-01-22 02:00:00,GB,Saturday,2,0.0,0.0
vid_484,Sample Video Title 484,Channel 4,Gaming,"tag484, tag485",241000,19520,5840,2023-01-21 03:00:00,2023-01-22 03:00:00,CA,Saturday,3,0.0,0.0
vid_485,Sample Video Title 485,Channel 5,Education,"tag485, tag486",221250,19550,5850,2023-01-21 04:00:00,2023-01-22 04:00:00,AU,Saturday,4,0.0,0.0
vid_486,Sample Video Title 486,Channel 6,Entertainment,"tag486, tag487",226500,19580,5860,2023-01-21 05:00:00,2023-01-22 05:00:00,US,Saturday,5,0.0,0.0
vid_487,Sample Video Title 487,Channel 7,Music,"tag487, tag488",231750,19610,5870,2023-01-21 06:00:00,2023-01-22 06:00:00,IN,Saturday,6,0.0,0.0
vid_488,Sample Video Title 488,Channel 8,News,"tag488, tag489",237000,19640,5880,2023-01-21 07:00:00,2023-01-22 07:00:00,GB,Saturday,7,0.0,0.0
vid_489,Sample Video Title 489,Channel 9,Gaming,"tag489, tag490",242250,19670,5890,2023-01-21 08:00:00,2023-01-22 08:00:00,CA,Saturday,8,0.0,0.0
vid_490,Sample Video Title 490,Channel 0,Education,"tag490, tag491",222500,19700,5900,2023-01-21 09:00:00,2023-01-22 09:00:00,AU,Saturday,9,0.0,0.0
vid_491,Sample Video Title 491,Channel 1,Entertainment,"tag491, tag492",227750,19730,5910,2023-01-21 10:00:00,2023-01-22 10:00:00,US,Saturday,10,0.0,0.0
vid_492,Sample Video Title 492,Channel 2,Music,"tag492, tag493",233000,19760,5920,2023-01-21 11:00:00,2023-01-22 11:00:00,IN,Saturday,11,0.0,0.0
vid_493,Sample Video Title 493,Channel 3,News,"tag493, tag494",238250,19790,5930,2023-01-21 12:00:00,2023-01-22 12:00:00,GB,Saturday,12,0.0,0.0
vid_494,Sample Video Title 494,Channel 4,Gaming,"tag494, tag495",243500,19820,5940,2023-01-21 13:00:00,2023-01-22 13:00:00,CA,Saturday,13,0.0,0.0
vid_495,Sample Video Title 495,Channel 5,Education,"tag495, tag496",223750,19850,5950,2023-01-21 14:00:00,2023-01-22 14:00:00,AU,Saturday,14,0.0,0.0
vid_496,Sample Video Title 496,Channel 6,Entertainment,"tag496, tag497",229000,19880,5960,2023-01-21 15:00:00,2023-01-22 15:00:00,US,Saturday,15,0.0,0.0
vid_497,Sample Video Title 497,Channel 7,Music,"tag497, tag498",234250,19910,5970,2023-01-21 16:00:00,2023-01-22 16:00:00,IN,Saturday,16,0.0,0.0
vid_498,Sample Video Title 498,Channel 8,News,"tag498, tag499",239500,19940,5980,2023-01-21 17:00:00,2023-01-22 17:00:00,GB,Saturday,17,0.0,0.0
vid_499,Sample Video Title 499,Channel 9,Gaming,"tag499, tag500",244750,19970,5990,2023-01-21 18:00:00,2023-01-22 18:00:00,CA,Saturday,18,0.0,0.0
vid_500,Sample Video Title 500,Channel 0,Education,"tag500, tag501",225000,20000,6000,2023-01-21 19:00:00,2023-01-22 19:00:00,AU,Saturday,19,0.0,0.0
